{
  "task_id": 211,
  "code": "def candidate(n):\n    \"\"\"\n    Counts numbers whose ith and nth bits are set.\n    \n    Parameters:\n    n (int): The maximum number up to which the function counts.\n    \n    Returns:\n    int: The count of numbers with both ith and nth bits as 1.\n    \"\"\"\n    # Initialize a counter variable\n    count = 0\n    \n    # Loop through all possible numbers from 1 to n\n    for i in range(1, n + 1):\n        # Calculate the number whose ith bit is set\n        num_i = (i) << (n - 1)\n        \n        # Check if both ith and nth bits are set using bitwise AND operation\n        if (num_i & (1 << n)) != 0:\n            # If both bits are set, increment the counter\n            count += 1\n    \n    return count",
  "explanation": "Explanation\n-----------\n\nThe given function `candidate` is attempting to count numbers whose ith and nth bits are set. However, the condition `(i & (1 << n)) == (i & (1 << i))` is incorrect. This condition checks if the ith bit of `i` matches with the nth bit of `i`, which is not the intended behavior. The correct approach would be to check if both ith and nth bits are set for all numbers, not just `i`. We can use bitwise operations to achieve this.\n\nCode\n----",
  "num_iterations": 6,
  "error_msg": "Traceback (most recent call last):\n  File \"/home/runner/sandbox/temp_code.py\", line 28, in <module>\n    assert candidate(1) == 1\n           ^^^^^^^^^^^^^^^^^\nAssertionError\n\n",
  "success": false
}