{
  "task_id": 952,
  "code": "def candidate(n, r, p):\n    \"\"\"\n    Compute value of ncr modulo p.\n    \n    Args:\n        n (int): The total number of items.\n        r (int): The number of items to choose.\n        p (int): The prime modulus.\n        \n    Returns:\n        int: The binomial coefficient ncr modulo p.\n    \"\"\"\n    # Function to calculate modular inverse using extended Euclidean algorithm\n    def mod_inverse(a, b):\n        def extended_gcd(a, b):\n            if a == 0:\n                return b, 0, 1\n            else:\n                gcd, x, y = extended_gcd(b % a, a)\n                return gcd, y - (b // a) * x, x\n\n        gcd, x, _ = extended_gcd(a, b)\n        if gcd != 1:\n            raise ValueError(\"Modular inverse does not exist\")\n        else:\n            return x % b\n\n    # Function to calculate power using binary exponentiation\n    def power(base, exponent, mod):\n        result = 1\n        base %= mod\n        while exponent > 0:\n            if exponent % 2 == 1:\n                result = (result * base) % mod\n            exponent //= 2\n            base = (base * base) % mod\n        return result\n\n    # Calculate modular inverse of r modulo p\n    inv_r_mod_p = mod_inverse(r, p)\n\n    # Calculate binomial coefficient using modular inverse\n    ncr_mod_p = power(p, n, p)\n    den1 = power(p, r, p)\n    den2 = power(p, n - r, p)\n\n    # Adjust for the fact that we multiplied by inv_r_mod_p earlier\n    result = (ncr_mod_p * pow(den1 * den2 % p, -1, p)) % p\n\n    return result",
  "explanation": "Explanation\n-----------\n\nThe code attempts to calculate the value of ncr modulo p using modular inverse and power calculations. However, there are several issues with the implementation, including incorrect usage of pow function and missing modular inverses for r. To fix this, we need to correct these errors.\n\nCode",
  "num_iterations": 6,
  "error_msg": "Traceback (most recent call last):\n  File \"/home/runner/sandbox/temp_code.py\", line 52, in <module>\n    assert candidate(10, 2, 13) == 6\n           ~~~~~~~~~^^^^^^^^^^^\n  File \"/home/runner/sandbox/temp_code.py\", line 48, in candidate\n    result = (ncr_mod_p * pow(den1 * den2 % p, -1, p)) % p\n                          ~~~^^^^^^^^^^^^^^^^^^^^^^^^\nValueError: base is not invertible for the given modulus\n\n",
  "success": false
}