{
  "task_id": 698,
  "code": "# python\ndef candidate(input_dict):\n    # Calculate the product of each key as a tuple in the input dictionary\n    def calculate_product(key):\n        \"\"\"Calculate the product of a tuple\"\"\"\n        return eval('*'.join(map(str, key)))\n\n    # Sort items by product and then by original order\n    sorted_items = sorted(input_dict.items(), key=lambda item: (calculate_product(item[0]), list(input_dict.keys()).index(item[0])))\n    \n    return dict(sorted_items)",
  "explanation": "Explanation\n-----------\nThe generated code attempts to sort dictionary items by the product of their keys. However, it contains an issue where the `key` function uses `eval()` which can pose a security risk if used with untrusted input. Additionally, the code does not handle cases where two tuples produce equal products.\n\nCode\n----",
  "num_iterations": 2,
  "error_msg": null,
  "success": true
}