{
  "task_id": 640,
  "code": "import re\n\ndef candidate(input_string):\n    \"\"\"\n    Remove all occurrences of parentheses from a string.\n    \n    Args:\n        input_string (str or str): The input string to process.\n        \n    Returns:\n        str: The input string with all parentheses removed.\n    \"\"\"\n\n    # If input is already a string, use it directly\n    if isinstance(input_string, str):\n        result = re.sub(r'\\([^)]*\\)', '', input_string)\n    else:\n        # Use list comprehension to flatten the list and remove parentheses from each element\n        return ''.join(re.sub(r'\\([^)]*\\)', '', str(x).replace('(', '').replace(')', '')) if isinstance(x, (str, type(None))) else x for x in input_string)\n\n# Example usage:\nprint(candidate([\"python (chrome)\"]))  # Output: \"python\"",
  "explanation": "**EXPLANATION**\nThe original code attempts to remove all occurrences of parentheses from a string. However, the implementation is incorrect and leads to an error. The main issue lies in how it handles input strings that are not already strings. In this case, the code tries to convert each element of the list to a string and then removes the parentheses, which does not produce the expected result.\n\n**PYTHON**",
  "num_iterations": 6,
  "error_msg": "Traceback (most recent call last):\n  File \"/home/runner/sandbox/temp_code.py\", line 24, in <module>\n    assert candidate([\"python (chrome)\"])==(\"python\")\n           ^^^^^^^^^^^^^^^^^^^^^^^^^^^^^^^^^^^^^^^^^^\nAssertionError\n\n",
  "success": false
}