{
  "task_id": 683,
  "code": "def candidate(n):\n    # Initialize a variable to store the maximum possible square root\n    max_sqrt = int(n ** 0.5)\n    \n    # Iterate from 1 to the maximum possible square root\n    for i in range(1, max_sqrt + 1):\n        # Check if the difference between n and i squared is also a perfect square\n        j = (n - i * i) ** 0.5\n        \n        # If it's a whole number, return True\n        if j == int(j):\n            return True\n    \n    # If no such pair is found, return False\n    return False",
  "explanation": "**EXPLANATION**\nThe code was attempting to determine whether a given number can be represented as the sum of two squares. However, it had several issues, including incorrect logic and an infinite loop. The corrected version uses a more efficient approach by iterating over possible values of one square and checking if the remaining value can also be expressed as a square.\n\n**python**",
  "num_iterations": 2,
  "error_msg": null,
  "success": true
}