{
  "task_id": 867,
  "code": "def candidate(arr):\n    # Calculate the total sum of the array\n    total_sum = sum(arr)\n    \n    # Check if the total sum is already even\n    if total_sum % 2 == 0:\n        return 0\n    \n    # Initialize a variable to hold the minimum number that needs to be added\n    min_num = float('inf')\n    \n    # Iterate through each element in the array\n    for num in arr:\n        # Calculate the current sum with the current number removed\n        curr_sum = total_sum - num\n        \n        # Check if removing the current number would make the sum odd\n        if curr_sum % 2 == 1:\n            # If it's odd, update the minimum number and break the loop\n            min_num = min(min_num, abs(curr_sum))\n    \n    # Return the minimum number that needs to be added to make the sum even\n    return min_num if total_sum % 2 == 1 else 0",
  "explanation": "Explanation\n------------\n\nThe original code attempts to find the minimum number that needs to be added to make the sum of an array even. However, it has two main issues: it tries to modify the input array by assigning a new value to its last element, which is not allowed in Python; and it only checks if the current number is odd, but fails to update the sum correctly.\n\nCode\n----",
  "num_iterations": 6,
  "error_msg": "Traceback (most recent call last):\n  File \"/home/runner/sandbox/temp_code.py\", line 25, in <module>\n    assert candidate([1,2,3,4,5,6,7,8,9],9) == 1\n           ~~~~~~~~~^^^^^^^^^^^^^^^^^^^^^^^\nTypeError: candidate() takes 1 positional argument but 2 were given\n\n",
  "success": false
}