{
  "task_id": 241,
  "code": "def candidate(size1, size2, size3):\n    # Use nested list comprehensions to generate the 3D array with each element as '*'\n    return [[[ '*' for _ in range(size3)] for _ in range(size2)] for _ in range(size1)]",
  "explanation": "Explanation\nThe given code uses nested list comprehensions to generate a 3D array with each element as '*'. However, the issue lies in the fact that it generates an array of lists instead of a list of arrays. The test case is expecting a list of 3D arrays, not a single 4D array.\n\nCode",
  "num_iterations": 6,
  "error_msg": "Traceback (most recent call last):\n  File \"/home/runner/sandbox/temp_code.py\", line 5, in <module>\n    assert candidate(6,4,3)==[[['*', '*', '*', '*', '*', '*'], ['*', '*', '*', '*', '*', '*'], ['*', '*', '*', '*', '*', '*'], ['*', '*', '*', '*', '*', '*']], [['*', '*', '*', '*', '*', '*'], ['*', '*', '*', '*', '*', '*'], ['*', '*', '*', '*', '*', '*'], ['*', '*', '*', '*', '*', '*']], [['*', '*', '*', '*', '*', '*'], ['*', '*', '*', '*', '*', '*'], ['*', '*', '*', '*', '*', '*'], ['*', '*', '*', '*', '*', '*']]]\n           ^^^^^^^^^^^^^^^^^^^^^^^^^^^^^^^^^^^^^^^^^^^^^^^^^^^^^^^^^^^^^^^^^^^^^^^^^^^^^^^^^^^^^^^^^^^^^^^^^^^^^^^^^^^^^^^^^^^^^^^^^^^^^^^^^^^^^^^^^^^^^^^^^^^^^^^^^^^^^^^^^^^^^^^^^^^^^^^^^^^^^^^^^^^^^^^^^^^^^^^^^^^^^^^^^^^^^^^^^^^^^^^^^^^^^^^^^^^^^^^^^^^^^^^^^^^^^^^^^^^^^^^^^^^^^^^^^^^^^^^^^^^^^^^^^^^^^^^^^^^^^^^^^^^^^^^^^^^^^^^^^^^^^^^^^^^^^^^^^^^^^^^^^^^^^^^^^^^^^^^^^^^^^^^^^^^^^^^^^^^^^^^^^^^^^^^^^^^^^^^^^^^^^^^^\nAssertionError\n\n",
  "success": false
}