{
  "task_id": 257,
  "code": "def candidate(num1, num2):\n    # Swap two numbers using tuple packing and unpacking\n    return num2, num1\n\n# Example usage:\nnum1 = 5\nnum2 = 10\nnum1, num2 = candidate(num1, num2)\nprint(\"Num1:\", num1)  # Output: Num1: 10\nprint(\"Num2:\", num2)  # Output: Num2: 5",
  "explanation": "**Explanation**\nThe provided function will take two arguments, `num1` and `num2`, which represent the two numbers that need to be swapped. The function uses tuple packing and unpacking to achieve this swap without using a temporary variable.\n\n**python**",
  "num_iterations": 1,
  "error_msg": null,
  "success": true
}