{
  "task_id": 226,
  "code": "def candidate(s):\n    # Initialize an empty list to store the characters at even indices\n    result = []\n    \n    # Iterate over the input string with enumerate to get both index and character\n    for i, char in enumerate(s):\n        # Check if the index is even (i.e., not odd)\n        if i % 2 == 0:\n            # Append the character to the result list\n            result.append(char)\n    \n    # Return the resulting list of characters\n    return ''.join(result)",
  "explanation": "Explanation\n-----------\n\nThis function will remove characters from a given string whose indices are odd numbers. It iterates over the string, skipping every other character (those with odd indices) and appending the remaining characters to a new list, which is then returned as the result.\n\nPython",
  "num_iterations": 1,
  "error_msg": null,
  "success": true
}