{
  "task_id": 781,
  "code": "def candidate(n):\n    # Initialize divisor counter\n    count = 0\n    \n    # Iterate over all numbers from 1 to n\n    for i in range(1, n + 1):\n        # Check if i is a divisor of n\n        if n % i == 0:\n            # Increment the divisor counter\n            count += 1\n            \n    # Return whether the count is even or odd\n    return \"Even\" if count % 2 == 0 else \"Odd\"",
  "explanation": "**Explanation**\nThe function will calculate the number of divisors for a given integer and return whether it's even or odd. It does this by iterating over all numbers from 1 to the input number, checking if they are divisors, and counting them. If the count is even, it returns \"Even\", otherwise it returns \"Odd\".\n\n**Python**",
  "num_iterations": 1,
  "error_msg": null,
  "success": true
}