{
  "task_id": 394,
  "code": "def candidate(tup):\n    # Convert the tuple to a set, which automatically removes duplicates\n    # If the lengths of the original tuple and the set are equal,\n    # then all elements were unique.\n    return len(tup) == len(set(tup))",
  "explanation": "**Explanation**\nThe `candidate` function checks if a given tuple is distinct by comparing its elements. It uses Python's built-in `len()` function and set data structure to efficiently compare tuples.\n\n**Python**",
  "num_iterations": 1,
  "error_msg": null,
  "success": true
}