{
  "task_id": 543,
  "code": "def candidate(a, b):\n    # Calculate the sum of the input numbers\n    total = a + b\n    \n    # Count the number of digits in the sum\n    digit_count = len(str(total))\n    \n    return digit_count",
  "explanation": "**Explanation**\nThe original code was missing the function definition for `candidate`, which caused a `NameError`. The corrected code defines the `candidate` function with the required functionality, including comments to explain its purpose.\n\n**python**",
  "num_iterations": 2,
  "error_msg": null,
  "success": true
}