{
  "task_id": 821,
  "code": "def candidate(dict1, dict2):\n    \"\"\"\n    Merges two dictionaries into a single dictionary.\n    \n    Args:\n        dict1 (dict): The first dictionary to be merged.\n        dict2 (dict): The second dictionary to be merged.\n    \n    Returns:\n        dict: A new dictionary containing the combined key-value pairs of both input dictionaries.\n    \"\"\"\n    # Initialize an empty dictionary to store the merged result\n    merged_dict = {}\n    \n    # Iterate over the key-value pairs in the first dictionary\n    for key, value in dict1.items():\n        # Add the key-value pair from the first dictionary to the merged dictionary\n        merged_dict[key] = value\n    \n    # Iterate over the key-value pairs in the second dictionary\n    for key, value in dict2.items():\n        # If the key already exists in the merged dictionary, update its value\n        if key in merged_dict:\n            merged_dict[key] = value\n        # Otherwise, add the new key-value pair to the merged dictionary\n        else:\n            merged_dict[key] = value\n    \n    return merged_dict",
  "explanation": "**Explanation**\nThe original code attempts to merge two dictionaries into a single dictionary, but it doesn't define the function `candidate` which is required by the test case. To fix this issue, we need to add the missing function definition and modify its logic to correctly handle merging of key-value pairs from both input dictionaries.\n\n**python**",
  "num_iterations": 2,
  "error_msg": null,
  "success": true
}