{
  "task_id": 420,
  "code": "def candidate(n):\n    # Initialize the sum variable to 0\n    total = 0\n    \n    # Loop through the first n even natural numbers starting from 2\n    for i in range(2, 2*n + 1, 2):  \n        # Cube each number and add it to the total\n        total += i ** 3\n        \n    # Return the cube sum\n    return total",
  "explanation": "Explanation\n==========\n\nThe generated code attempts to calculate the cube sum of the first n even natural numbers. However, it has a logical error where it only checks for even numbers starting from 0 up to 2n. It should instead check for even numbers starting from 2 and going up to 2n.\n\nCode\n----",
  "num_iterations": 3,
  "error_msg": null,
  "success": true
}