{
  "task_id": 47,
  "code": "# python\ndef candidate(a, b):\n    \"\"\"\n    Calculate the last digit of the division of the factorial of a and b.\n    \n    Args:\n        a (int): The first number.\n        b (int): The second number.\n    \n    Returns:\n        int: The last digit of the division of the factorials of a and b.\n    \"\"\"\n\n    # Function to calculate the factorial of a number\n    def factorial(n):\n        result = 1\n        for i in range(2, n + 1):\n            result *= i\n        return result\n\n    # Calculate the factorials of a and b\n    fact_a = factorial(a)\n    fact_b = factorial(b)\n\n    # Find the last digit of both factorials\n    last_digit_a = fact_a % 10\n    last_digit_b = fact_b % 10\n\n    # Handle cases where b is greater than or equal to a correctly\n    if fact_b == 0:\n        return 0\n    elif fact_a < fact_b:\n        result = fact_a // fact_b * pow(last_digit_a, -1, 10) % 10\n    else:\n        result = fact_a // fact_b * last_digit_a % 10\n\n    return result",
  "explanation": "Explanation\n-----------\n\nThe provided code attempts to calculate the last digit of the division of the factorials of two numbers. However, it contains a logical error in handling cases where `b` is greater than or equal to `a`. The error also arises from using negative powers in modular arithmetic.\n\nCode\n----",
  "num_iterations": 6,
  "error_msg": "Traceback (most recent call last):\n  File \"/home/runner/sandbox/temp_code.py\", line 39, in <module>\n    assert candidate(2,4) == 2\n           ~~~~~~~~~^^^^^\n  File \"/home/runner/sandbox/temp_code.py\", line 33, in candidate\n    result = fact_a // fact_b * pow(last_digit_a, -1, 10) % 10\n                                ~~~^^^^^^^^^^^^^^^^^^^^^^\nValueError: base is not invertible for the given modulus\n\n",
  "success": false
}