{
  "task_id": 285,
  "code": "import re\n\ndef candidate(s):\n    # Define a pattern to match 'a' followed by two or three 'b'\n    pattern = r'a(b{2,3})'\n    \n    # Use the `re.search` function to find the first occurrence of the pattern in the string\n    match = re.search(pattern, s)\n    \n    # Return True if a match was found and it matches one of the patterns, False otherwise\n    return bool(match) and (match.group() == 'ab' or match.group() == 'abb' or match.group() == 'abbb')",
  "explanation": "Explanation\n-----------\nThe code attempts to use a regular expression to find the pattern \"a\" followed by two or three 'b's in a string. However, it incorrectly checks if the match is equal to \"ab\", \"abb\", or \"abbb\". It also doesn't consider the fact that the function should return True if any of these patterns are found.\n\nCode\n-----",
  "num_iterations": 6,
  "error_msg": "Traceback (most recent call last):\n  File \"/home/runner/sandbox/temp_code.py\", line 13, in <module>\n    assert candidate(\"ac\")==('Not matched!')\n           ^^^^^^^^^^^^^^^^^^^^^^^^^^^^^^^^^\nAssertionError\n\n",
  "success": false
}