{
  "task_id": 421,
  "code": "def candidate(iterable, delimiter):\n    \"\"\"\n    Concatenate each element of a tuple with a given delimiter.\n    \n    Args:\n        iterable (tuple): The input tuple to be concatenated.\n        delimiter (str): The delimiter used for concatenation.\n        \n    Returns:\n        str: The concatenated string.\n    \"\"\"\n    # Check if the input is a tuple\n    if not isinstance(iterable, tuple):\n        raise TypeError(\"Input must be a tuple\")\n    \n    # Check if the delimiter is a string\n    if not isinstance(delimiter, str):\n        raise TypeError(\"Delimiter must be a string\")\n    \n    try:\n        # Convert each element in the tuple to a string and join with the delimiter\n        return delimiter.join(map(str, iterable))\n    except Exception as e:\n        # Raise an error if any conversion fails\n        raise ValueError(f\"Cannot convert all elements to strings: {str(e)}\") from e",
  "explanation": "**Explanation**\nThe code was almost correct but missed a crucial part of the function definition. The function requires two parameters, `iterable` and `delimiter`, but it was defined with only one parameter. We need to add the `delimiter` parameter back in.\n\n**python**",
  "num_iterations": 6,
  "error_msg": "Traceback (most recent call last):\n  File \"/home/runner/sandbox/temp_code.py\", line 27, in <module>\n    assert candidate((\"ID\", \"is\", 4, \"UTS\") ) == 'ID-is-4-UTS'\n           ~~~~~~~~~^^^^^^^^^^^^^^^^^^^^^^^^^\nTypeError: candidate() missing 1 required positional argument: 'delimiter'\n\n",
  "success": false
}