{
  "task_id": 755,
  "code": "def candidate(numbers):\n    \"\"\"\n    Find the second smallest number in a sorted list.\n\n    Args:\n        numbers (list): A sorted list of numbers.\n\n    Returns:\n        The second smallest number in the list.\n        None if there is no second smallest number.\n\n    Raises:\n        ValueError: If the list is empty or contains only one element.\n    \"\"\"\n    # Check if the list is empty\n    if len(numbers) < 2:\n        raise ValueError(\"List must contain at least two elements\")\n\n    # Initialize variables to store the first and second smallest values\n    # Start with the first element as the first smallest value\n    first_smallest = numbers[0]\n    \n    # Iterate over the sorted list to find the smallest and second smallest values\n    for num in numbers:\n        # Update the first smallest value if a smaller number is found\n        if num < first_smallest:\n            first_smallest = num\n\n    # Initialize variable to store the second smallest value\n    second_smallest = float('inf')\n\n    # Iterate over the sorted list to find the second smallest value\n    for num in numbers:\n        # Check if the current number is greater than the first smallest and less than or equal to the second smallest\n        if num > first_smallest and num <= second_smallest:\n            # Update the second smallest value\n            second_smallest = num\n\n    # Return the second smallest number, or None if it doesn't exist\n    return second_smallest if second_smallest != float('inf') else None",
  "explanation": "**Explanation**\nThe code is attempting to find the second smallest number in a sorted list. However, it contains an error where the first smallest value is compared with None when trying to update the second smallest value. The issue arises because the first smallest value can be updated before being assigned.\n\n**python**",
  "num_iterations": 4,
  "error_msg": null,
  "success": true
}