{
  "task_id": 152,
  "code": "# python\n\ndef candidate(arr):\n    \"\"\"\n    This function implements the merge sort algorithm to sort the input array.\n    \n    Args:\n        arr (list): The input array to be sorted.\n    \n    Returns:\n        list: The sorted array.\n    \"\"\"\n\n    # Base case: if the array has 1 or fewer elements, it's already sorted\n    if len(arr) <= 1:\n        return arr\n\n    # Split the array into two halves\n    mid = len(arr) // 2\n    left_half = arr[:mid]\n    right_half = arr[mid:]\n\n    # Recursively sort both halves\n    def merge_sort(left):\n        if len(left) <= 1:\n            return left\n        mid = len(left) // 2\n        left_half = left[:mid]\n        right_half = left[mid:]\n        left_half = merge_sort(left_half)\n        right_half = merge_sort(right_half)\n        return merge(left_half, right_half)\n\n    def merge(left, right):\n        merged = []\n        left_index = 0\n        right_index = 0\n\n        while left_index < len(left) and right_index < len(right):\n            if left[left_index] <= right[right_index]:\n                merged.append(left[left_index])\n                left_index += 1\n            else:\n                merged.append(right[right_index])\n                right_index += 1\n\n        # Append any remaining elements from either half\n        merged.extend(left[left_index:])\n        merged.extend(right[right_index:])\n\n        return merged\n\n    return merge_sort(left_half) + merge_sort(right_half)",
  "explanation": "Explanation\n-----------\n\nThe provided code attempts to implement the merge sort algorithm, but it has a few issues. The main problem is that the `merge` function is called recursively without any base case, causing an infinite recursion. Additionally, the merging process uses an iterative approach instead of a recursive one.\n\nCode\n-----",
  "num_iterations": 6,
  "error_msg": "Traceback (most recent call last):\n  File \"/home/runner/sandbox/temp_code.py\", line 55, in <module>\n    assert candidate([3, 4, 2, 6, 5, 7, 1, 9]) == [1, 2, 3, 4, 5, 6, 7, 9]\n           ^^^^^^^^^^^^^^^^^^^^^^^^^^^^^^^^^^^^^^^^^^^^^^^^^^^^^^^^^^^^^^^\nAssertionError\n\n",
  "success": false
}