{
  "task_id": 972,
  "code": "def candidate(t1, t2):\n    \"\"\"\n    Concatenates two tuples into a nested tuple.\n    \n    Args:\n        t1 (tuple): The first tuple to be concatenated.\n        t2 (tuple): The second tuple to be concatenated.\n    \n    Returns:\n        tuple: A nested tuple containing all elements from the input tuples.\n    \"\"\"\n\n    def flatten(t):\n        # If the current element is a tuple, recursively call the function on it\n        if isinstance(t, tuple):\n            return tuple(flatten(i) for i in t)\n        \n        # Otherwise, return the element as is\n        else:\n            return t\n\n    # Concatenate the input tuples using the flatten function\n    flattened = list(flatten(t1)) + list(flatten(t2))\n    \n    # Convert the flat list back to a nested tuple\n    nested_tuple = tuple(flattened)\n    \n    return nested_tuple",
  "explanation": "**EXPLANATION**\nThe original code attempts to flatten two tuples into a single list and then convert it back to a nested tuple. However, this approach fails when the input tuples contain integers, as they are not iterable. To fix this issue, we need to ensure that all elements in the tuples are iterables.\n\nThe corrected function will use a recursive approach to concatenate the tuples by checking if each element is a tuple and recursively calling the function on it.\n\n**python**",
  "num_iterations": 3,
  "error_msg": null,
  "success": true
}