{
  "task_id": 314,
  "code": "def candidate(grid):\n    # Define number of columns in the grid\n    n = len(grid[0])\n\n    # Initialize dp table with 1's, dp[i][j] represents max sum ending at cell (i,j)\n    prev_row = [grid[0][j] for j in range(n)]\n    \n    # Handle the first row\n    curr_max = float('-inf')\n    for num in grid[1]:\n        if num > curr_max:\n            curr_max += num\n\n    # Initialize max sum with the maximum of the first two numbers\n    max_sum = max(prev_row[0], prev_row[1])\n\n    # Iterate over columns to fill the rest of the dp table\n    for j in range(2, n):\n        # Update dp table for this row\n        new_max = float('-inf')\n        for i in range(j-2, -1, -1):\n            if grid[i][j] > 0:\n                if prev_row[i+1] + grid[i][j] > new_max:\n                    new_max = prev_row[i+1] + grid[i][j]\n        \n        # Update max sum with the maximum of the current row\n        max_sum = max(max_sum, curr_max, new_max)\n        \n        # Update dp table for next iteration\n        prev_row, curr_max = [max(0, x) for x in prev_row], new_max\n\n    return max_sum",
  "explanation": "**Explanation**\nThe original code attempts to solve the problem using dynamic programming. However, it incorrectly updates the dp table and does not handle the input grid correctly. The error message indicates that the function `candidate` expects only one argument, which is incorrect.\n\n**python**",
  "num_iterations": 6,
  "error_msg": "Traceback (most recent call last):\n  File \"/home/runner/sandbox/temp_code.py\", line 34, in <module>\n    assert candidate([ [1, 4, 5], [2, 0, 0 ] ], 3) == 7\n           ~~~~~~~~~^^^^^^^^^^^^^^^^^^^^^^^^^^^^^^\nTypeError: candidate() takes 1 positional argument but 2 were given\n\n",
  "success": false
}