{
  "task_id": 57,
  "code": "def candidate(digits, n=None):\n    \"\"\"\n    Find the largest number that can be formed with the given digits.\n\n    Args:\n        digits (list): A list of integers representing the input digits.\n        n (int): The number of digits to use in forming the largest possible number. Defaults to None if not provided.\n\n    Returns:\n        int: The largest possible number formed by the input digits.\n    \"\"\"\n    \n    # Check if the input list contains any negative numbers or non-integer values\n    if any(str(digit) < '0' or not str(digit).isdigit() for digit in digits):\n        raise ValueError(\"Input list cannot contain negative numbers or non-integer values\")\n\n    # If n is provided, use only that many digits; otherwise, sort all available digits\n    if n is None:\n        sorted_digits = sorted(digits, reverse=True)\n    else:\n        sorted_digits = sorted(range(len(digits)), key=lambda x: str(digits[x]).zfill(n), reverse=True)\n\n    # Join the sorted digits together to form the largest possible number\n    largest_num = int(''.join(map(str, sorted_digits)))\n    \n    return largest_num",
  "explanation": "**Explanation**\nThe code provided attempts to validate the input list of digits and raise an error if it contains negative numbers or non-integer values. However, when checking each digit individually using `any(digit < 0 or not digit.isdigit() for digit in digits)`, the `isdigit` method is incorrectly applied to integers (as `digit` is an integer), resulting in an AttributeError.\n\nTo fix this, we can modify the validation check to correctly apply the `isdigit` method to each string representation of the digit. Additionally, we should consider whether `n` is provided and adjust the sorting accordingly.\n\n**python**",
  "num_iterations": 6,
  "error_msg": "Traceback (most recent call last):\n  File \"/home/runner/sandbox/temp_code.py\", line 28, in <module>\n    assert candidate([1,2,3],3) == 321\n           ^^^^^^^^^^^^^^^^^^^^^^^^^^^\nAssertionError\n\n",
  "success": false
}