{
  "task_id": 493,
  "code": "import math\n\ndef candidate(rows, cols, radius, direction=(0, 1), rotation=0):\n    \"\"\"\n    Calculate a grid of hexagon coordinates.\n    \n    Args:\n        rows (int): The number of rows in the grid.\n        cols (int): The number of columns in the grid.\n        radius (int): The maximum radius for each row.\n        direction (tuple, optional): The initial direction. Defaults to (0, 1).\n        rotation (int, optional): The rotation angle. Defaults to 0.\n    \n    Returns:\n        list: A list of lists containing 6 tuples of x, y point coordinates.\n    \"\"\"\n    # Initialize the result with empty rows\n    result = [[] for _ in range(rows)]\n\n    # Define the directions and radii for each row\n    hex_directions = [(0, -math.sqrt(3)/2), (1, math.sqrt(3)/6), (-1, math.sqrt(3)/6)]\n    \n    # Map direction to index of corresponding hexagon direction\n    def map_direction_to_hex(direction):\n        if direction == tuple(hex_directions[0]):\n            return 0\n        elif direction == tuple(hex_directions[1]):\n            return 1\n        else:\n            return 2\n    \n    for i in range(rows):\n        # Calculate the row index of hexagon to draw at\n        hex_row_index = radius - max(0, radius - i)\n        \n        # Apply the rotation angle to the direction\n        rotated_direction = tuple(math.cos(angle + math.pi/6)*x + math.sin(angle + math.pi/6)*y for (x, y) in zip(direction, hex_directions[map_direction_to_hex((0,1))]))\n        \n        for j in range(hex_row_index):\n            # Calculate the x and y coordinates using the formula for a hexagon\n            x = radius * math.cos((j + i * 2 + rotation) * math.pi / 6)\n            y = radius * math.sin((j + i * 2 + rotation) * math.pi / 6)\n\n            row_coords = [\n                (x + j * math.sqrt(3) / 2, y - j / 2), \n                (x + j * math.sqrt(3) / 2 - rotated_direction[0] * j / cols, y + j / 2),\n                (x + j * math.sqrt(3) / 2 + rotated_direction[0] * j / cols, y - j / 2),\n                (x + j * math.sqrt(3) / 2 + rotated_direction[0] * j / cols * 2, y + j / 2),\n                (x + j * math.sqrt(3) / 2 - rotated_direction[1] * j / rows, y - j / 2 * 2),\n                (x + j * math.sqrt(3) / 2 - rotated_direction[1] * j / rows * 2, y + j / 2 * 2)\n            ]\n\n            result[i].append(row_coords[0])\n\n    return result",
  "explanation": "Explanation\n-----------\n\nThe provided code attempts to calculate a grid of hexagon coordinates. However, the issue lies in the fact that the variable `direction` and `rotation` are used but never assigned a value. Additionally, there's an attempt to use the `python` object which is not defined.\n\nCode\n----",
  "num_iterations": 6,
  "error_msg": "Traceback (most recent call last):\n  File \"/home/runner/sandbox/temp_code.py\", line 57, in <module>\n    assert candidate(1,1, 4, 4, 3)==[[(-5.0, -4.196152422706632), (-5.0, -0.7320508075688767), (-2.0, 1.0), (1.0, -0.7320508075688767), (1.0, -4.196152422706632), (-2.0, -5.928203230275509), (-5.0, -4.196152422706632)], [(1.0, -4.196152422706632), (1.0, -0.7320508075688767), (4.0, 1.0), (7.0, -0.7320508075688767), (7.0, -4.196152422706632), (4.0, -5.928203230275509), (1.0, -4.196152422706632)], [(7.0, -4.196152422706632), (7.0, -0.7320508075688767), (10.0, 1.0), (13.0, -0.7320508075688767), (13.0, -4.196152422706632), (10.0, -5.928203230275509), (7.0, -4.196152422706632)], [(-2.0, 1.0000000000000004), (-2.0, 4.464101615137755), (1.0, 6.196152422706632), (4.0, 4.464101615137755), (4.0, 1.0000000000000004), (1.0, -0.7320508075688767), (-2.0, 1.0000000000000004)], [(4.0, 1.0000000000000004), (4.0, 4.464101615137755), (7.0, 6.196152422706632), (10.0, 4.464101615137755), (10.0, 1.0000000000000004), (7.0, -0.7320508075688767), (4.0, 1.0000000000000004)], [(-5.0, 6.196152422706632), (-5.0, 9.660254037844387), (-2.0, 11.392304845413264), (1.0, 9.660254037844387), (1.0, 6.196152422706632), (-2.0, 4.464101615137755), (-5.0, 6.196152422706632)], [(1.0, 6.196152422706632), (1.0, 9.660254037844387), (4.0, 11.392304845413264), (7.0, 9.660254037844387), (7.0, 6.196152422706632), (4.0, 4.464101615137755), (1.0, 6.196152422706632)], [(7.0, 6.196152422706632), (7.0, 9.660254037844387), (10.0, 11.392304845413264), (13.0, 9.660254037844387), (13.0, 6.196152422706632), (10.0, 4.464101615137755), (7.0, 6.196152422706632)], [(-2.0, 11.392304845413264), (-2.0, 14.85640646055102), (1.0, 16.588457268119896), (4.0, 14.85640646055102), (4.0, 11.392304845413264), (1.0, 9.660254037844387), (-2.0, 11.392304845413264)], [(4.0, 11.392304845413264), (4.0, 14.85640646055102), (7.0, 16.588457268119896), (10.0, 14.85640646055102), (10.0, 11.392304845413264), (7.0, 9.660254037844387), (4.0, 11.392304845413264)]]\n           ~~~~~~~~~^^^^^^^^^^^^^^\n  File \"/home/runner/sandbox/temp_code.py\", line 37, in candidate\n    rotated_direction = tuple(math.cos(angle + math.pi/6)*x + math.sin(angle + math.pi/6)*y for (x, y) in zip(direction, hex_directions[map_direction_to_hex((0,1))]))\n                                                                                                          ~~~^^^^^^^^^^^^^^^^^^^^^^^^^^^^^^^^^^^^^^^^^^^^^^^^^^^^^^^^\nTypeError: 'int' object is not iterable\n\n",
  "success": false
}