{
  "task_id": 723,
  "code": "from itertools import zip_longest\n\ndef candidate(list1, list2):\n    # Use zip_longest() to pair corresponding elements from both lists, filling in None if one of the lists is shorter\n    pairs = zip_longest(list1, list2)\n    \n    # Initialize a counter for same pairs\n    count = 0\n    \n    # Iterate over each pair and check if they are equal\n    for pair in pairs:\n        if len(pair) > 1 and pair[0] == pair[1]:\n            count += 1\n    \n    # Return the total count of same pairs\n    return count",
  "explanation": "**Explanation**\nThe original code attempts to solve the problem using the `map` function, but it's incorrectly referencing the non-existent variable `python`. The correct approach involves using the `zip_longest` function from the `itertools` module to pair corresponding elements from both lists.\n\n**python**",
  "num_iterations": 3,
  "error_msg": null,
  "success": true
}