{
  "task_id": 143,
  "code": "def candidate(tup):\n    \"\"\"\n    Counts the number of lists within a given tuple.\n    \n    Args:\n        tup (tuple): A tuple containing elements, some of which may be lists or tuples.\n    \n    Returns:\n        int: The number of lists found in the tuple.\n    \"\"\"\n\n    # Initialize count variable\n    num_lists = 0\n    \n    # Iterate over each element in the input tuple\n    for elem in tup:\n        \n        # Check if element is a list or a tuple, and recursively check its contents\n        if isinstance(elem, (list, tuple)):\n            # Use recursion to find all nested lists\n            sub_num_lists = candidate(elem)\n            num_lists += sub_num_lists\n    \n    return num_lists",
  "explanation": "**Explanation**\nThe provided code attempts to count the number of lists within a given tuple. However, the recursive call to `candidate` is not properly handling nested tuples, leading to an incorrect count in the case where the input contains only one list.\n\n**python**",
  "num_iterations": 6,
  "error_msg": "Traceback (most recent call last):\n  File \"/home/runner/sandbox/temp_code.py\", line 26, in <module>\n    assert candidate(([1, 2, 3, 4], [5, 6, 7, 8])) == 2\n           ^^^^^^^^^^^^^^^^^^^^^^^^^^^^^^^^^^^^^^^^^^^^\nAssertionError\n\n",
  "success": false
}