{
  "task_id": 401,
  "code": "def candidate(tuple1, tuple2):\n    \"\"\"\n    Perform index-wise addition of tuple elements in the given two nested tuples.\n\n    Args:\n        tuple1 (tuple): The first nested tuple.\n        tuple2 (tuple): The second nested tuple.\n\n    Returns:\n        tuple: A new nested tuple containing the element-wise sum of corresponding elements in tuple1 and tuple2.\n    \"\"\"\n    # Check if both inputs are indeed tuples\n    if not isinstance(tuple1, tuple) or not isinstance(tuple2, tuple):\n        raise TypeError(\"Both inputs must be tuples\")\n\n    def flatten_tuple(tup, pad_value=0):\n        result = []\n        for elem in tup:\n            if isinstance(elem, tuple):\n                # If the element is a nested tuple, recursively call flatten_tuple\n                result.extend(flatten_tuple(elem, pad_value))\n            else:\n                # If the element is not a nested tuple, check if it's a number\n                if isinstance(elem, (int, float)):\n                    result.append(elem)\n        # Pad shorter tuples with zeros\n        min_len = min(len(result), len(tup))\n        result += [pad_value] * (len(tup) - len(result))\n        return result\n\n    def add_numbers(numbers1, numbers2):\n        if all(isinstance(x, list) for x in numbers1) and all(isinstance(x, list) for x in numbers2):\n            # If both elements are lists, zip them together\n            return [a + b for a, b in zip(numbers1, numbers2)]\n        elif all(isinstance(x, (int, float)) for x in numbers1) and all(isinstance(x, (int, float)) for x in numbers2):\n            # If both elements are numbers, add them directly\n            return [a + b for a, b in zip(numbers1, numbers2)]\n        else:\n            # If the elements are of different types, raise an error\n            raise ValueError(\"Elements must be lists or numbers\")\n\n    flat_tuple1 = flatten_tuple(tuple1)\n    flat_tuple2 = flatten_tuple(tuple2)\n\n    # Perform element-wise addition\n    added_tuples = add_numbers(flat_tuple1, flat_tuple2)\n\n    # Convert the list of tuples back to a nested tuple structure\n    result = tuple(zip(*added_tuples))\n\n    return result",
  "explanation": "**Explanation**\nThe issue with the code is that it doesn't handle the case where an element is an integer and another is a list. In this situation, it should raise an error. The current code simply adds integers and lists together, which will result in a list of floats for the integer addition, but it won't be correct because lists are not numbers.\n\n**python**",
  "num_iterations": 6,
  "error_msg": "Traceback (most recent call last):\n  File \"/home/runner/sandbox/temp_code.py\", line 53, in <module>\n    assert candidate(((1, 3), (4, 5), (2, 9), (1, 10)), ((6, 7), (3, 9), (1, 1), (7, 3))) == ((7, 10), (7, 14), (3, 10), (8, 13))\n           ~~~~~~~~~^^^^^^^^^^^^^^^^^^^^^^^^^^^^^^^^^^^^^^^^^^^^^^^^^^^^^^^^^^^^^^^^^^^^^\n  File \"/home/runner/sandbox/temp_code.py\", line 49, in candidate\n    result = tuple(zip(*added_tuples))\n                   ~~~^^^^^^^^^^^^^^^\nTypeError: 'int' object is not iterable\n\n",
  "success": false
}