{
  "task_id": 529,
  "code": "def candidate(n):\n    \"\"\"\n    Calculate the nth Jacobsthal-Lucas number.\n    \n    Args:\n        n (int): The term number in the sequence.\n    \n    Returns:\n        int: The nth Jacobsthal-Lucas number.\n    \"\"\"\n\n    # Base case for the first term\n    if n == 0:\n        return 1\n    \n    # Initialize the first two terms\n    a, b = 2, 3\n    \n    # Update the sequence using the recursive formula\n    for _ in range(2, n + 1):\n        # Update a and b correctly using the recursive formula\n        a, b = b, (a * 5) // 2 + b\n    \n    return b  # Return the nth term",
  "explanation": "**Explanation**\nThe provided code has a logical error. In the loop, the variables `a` and `b` are updated incorrectly, causing incorrect results. The correct approach is to update `a` and `b` using the recursive formula of the Jacobsthal-Lucas sequence.\n\n**python**",
  "num_iterations": 6,
  "error_msg": "Traceback (most recent call last):\n  File \"/home/runner/sandbox/temp_code.py\", line 26, in <module>\n    assert candidate(5) == 31\n           ^^^^^^^^^^^^^^^^^^\nAssertionError\n\n",
  "success": false
}