{
  "task_id": 925,
  "code": "def candidate(tup):\n    # Initialize product variable to 1 (neutral element)\n    product = 1\n    \n    # Iterate over each number in the tuple\n    for num in tup:\n        # Multiply current product by the current number\n        product *= num\n        \n    # Return the final product\n    return product",
  "explanation": "**Explanation**\nThe `candidate` function calculates the product of all numbers in a given tuple. It uses a simple loop to iterate over each number in the tuple and multiplies them together. This approach is efficient for large tuples since it avoids recursive calls or division operations, making it suitable for performance-critical applications.\n\n**python**",
  "num_iterations": 1,
  "error_msg": null,
  "success": true
}