{
  "task_id": 179,
  "code": "def candidate(n):\n    # Initialize variables\n    i = 1\n    \n    # Loop until n is equal to the square of i plus j\n    while i * (i + 1) // 2 < n:\n        i += 1\n\n    if i * (i + 1) // 2 == n:\n        return True\n    else:\n        return False",
  "explanation": "# Explanation\nThe generated code does not define the function `candidate`, which causes a NameError when trying to call it. To fix this, we need to add the definition of the `candidate` function.\n\n# python",
  "num_iterations": 6,
  "error_msg": "Traceback (most recent call last):\n  File \"/home/runner/sandbox/temp_code.py\", line 14, in <module>\n    assert candidate(14) == True\n           ^^^^^^^^^^^^^^^^^^^^^\nAssertionError\n\n",
  "success": false
}