{
  "task_id": 856,
  "code": "def candidate(nums):\n    # Initialize the number of swaps\n    swaps = 0\n    \n    def merge_sort(left, right):\n        nonlocal swaps\n        \n        if left < right:\n            mid = (left + right) // 2\n            \n            # Recursively sort the first half\n            merge_sort(left, mid)\n            \n            # Recursively sort the second half\n            merge_sort(mid + 1, right)\n            \n            # Merge the sorted halves\n            i = left\n            j = mid + 1\n            while i <= mid and j <= right:\n                if nums[i] <= nums[j]:\n                    i += 1\n                else:\n                    swaps += (mid - i) + 1\n                    nums[i], nums[j] = nums[j], nums[i]\n                    j += 1\n                    \n    # Sort the array using merge sort\n    merge_sort(0, len(nums) - 1)\n    \n    return swaps",
  "explanation": "Explanation\n-----------\n\nThe original code is attempting to solve the problem of finding minimum adjacent swaps required to sort a binary array. However, there are several issues with the code. The main issue is that the `merge` function is trying to swap elements in-place, which is not possible for an existing list like `nums`. Additionally, the `sort` function is not actually sorting the array, it's just recursively calling itself without doing anything. Finally, the `candidate` function is returning the count of 0s and 1s in the array, but this is not the correct solution to the problem.\n\nCode\n-----",
  "num_iterations": 6,
  "error_msg": "Traceback (most recent call last):\n  File \"/home/runner/sandbox/temp_code.py\", line 33, in <module>\n    assert candidate([1,0,1,0],4) == 3\n           ~~~~~~~~~^^^^^^^^^^^^^\nTypeError: candidate() takes 1 positional argument but 2 were given\n\n",
  "success": false
}