{
  "task_id": 51,
  "code": "def candidate(a, b, c):\n    \"\"\"\n    This function checks if a given triangle is equilateral or not.\n    \n    Parameters:\n    a (float): The length of the first side of the triangle.\n    b (float): The length of the second side of the triangle.\n    c (float): The length of the third side of the triangle.\n    \n    Returns:\n    bool: True if the triangle is equilateral, False otherwise.\n    \"\"\"\n\n    # Check if all inputs are positive numbers\n    if not all(isinstance(x, (int, float)) and x > 0 for x in [a, b, c]):\n        raise ValueError(\"All sides must be positive numbers\")\n\n    # Check if all sides are equal\n    return a == b == c",
  "explanation": "**Explanation**\nThe code provided is attempting to check if a triangle is equilateral by comparing the lengths of its sides. However, it contains several errors and logical issues that lead to incorrect results. The main issue lies in the condition where it checks if all inputs are positive numbers and returns False when any side is less than or equal to zero. Instead, it should be checking for invalid input (non-numeric values) and raising a ValueError accordingly.\n\n**python**",
  "num_iterations": 4,
  "error_msg": null,
  "success": true
}