{
  "task_id": 525,
  "code": "def candidate(line1, line2):\n    # Define variables for slope and intercept\n    x, y = 'x', 'y'\n\n    def parse_line(line):\n        if not isinstance(line, str):  # Handle non-string inputs\n            raise ValueError(\"Invalid input type\")\n\n        parts = line.split('=')\n        if len(parts) != 2:\n            raise ValueError(\"Invalid line equation\")\n        \n        left_side = parts[0].strip()\n        right_side = parts[1].strip()\n\n        m = None\n        b = None\n\n        # Extract slope and intercept from line equation\n        for token in re.findall(r'[+-]?\\d*[.]\\d+|\\d+', left_side):\n            if token == '+':\n                break\n            elif token == '-':\n                continue\n            elif token.isdigit() or (token[0] == '.' and token[1:].isdigit()):\n                m = float(token)\n        \n        # If slope is not found, raise an error\n        if m is None:\n            raise ValueError(\"Slope is not specified\")\n\n        left_side = right_side.strip()\n        if 'x' in left_side or '+' in left_side:\n            b = float(left_side.split('x')[1].strip())  # Extract intercept\n\n        return m, b\n\n    try:\n        m1, b1 = parse_line(line1)\n    except ValueError as e:\n        print(e)\n        return False\n\n    try:\n        m2, b2 = parse_line(line2)\n    except ValueError as e:\n        print(e)\n        return False\n\n    # Check if lines are vertical\n    if m1 == float('-inf') and m2 == float('-inf'):\n        return True  # Always parallel\n    \n    # Check if slopes are equal and intercepts differ\n    return m1 == m2 and b1 != b2",
  "explanation": "**EXPLANATION**\nThe code attempts to check whether two lines are parallel by parsing their equations into slope-intercept form and comparing the slopes. However, it fails when dealing with non-string inputs or lists, as seen in the error message. The issue arises from trying to call `split()` on a list object.\n\nA more robust approach would be to handle different input types and ensure that the equations are parsed correctly.\n\n**python**",
  "num_iterations": 6,
  "error_msg": "Traceback (most recent call last):\n  File \"/home/runner/sandbox/temp_code.py\", line 57, in <module>\n    assert candidate([2,3,4], [2,3,8]) == True\n           ^^^^^^^^^^^^^^^^^^^^^^^^^^^^^^^^^^^\nAssertionError\n\n",
  "success": false
}