{
  "task_id": 485,
  "code": "def candidate(nums, test):\n    # Function to check if a number is palindromic\n    def is_palindrome(n):\n        return str(n) == str(n)[::-1]\n\n    # Initialize max_palindrome with negative infinity\n    max_palindrome = float('-inf')\n\n    # Iterate through each number in the array\n    for num in nums:\n        # Check if the current number is palindromic and update max_palindrome if necessary\n        max_palindrome = max(max_palindrome, num) if is_palindrome(num) else max_palindrome\n\n    # Return the maximum palindromic number found\n    return max_palindrome",
  "explanation": "Explanation\n-----------\n\nThe provided code has a logical error in the function definition. The `candidate` function is expected to take two arguments, but only one is being passed to it. To fix this, we need to modify the function signature to accept both the input array and the test case index.\n\npython",
  "num_iterations": 4,
  "error_msg": null,
  "success": true
}