{
  "task_id": 775,
  "code": "def candidate(lst):\n    # Iterate over the indices of the input list\n    for i in range(len(lst)):\n        # Check if the index is odd\n        if i % 2 != 0:\n            # If it is, count the number of elements at that index\n            count = lst[i]\n            # Check if the count is odd\n            if count % 2 == 0:\n                # If it's not, return False\n                return False\n    # If we've checked all indices and haven't returned False, return True\n    return True",
  "explanation": "Explanation\n-----------\n\nThe function checks if every odd index in a given list contains an odd number of elements. It uses Python's built-in list indexing and iteration capabilities to achieve this.\n\nPython",
  "num_iterations": 1,
  "error_msg": null,
  "success": true
}