{
  "task_id": 884,
  "code": "def candidate(n, lower_bound, upper_bound):\n    # Convert integers to binary and remove '0b' prefix\n    bin_n = bin(n)[2:]\n    \n    # Calculate the maximum length of bin_n and the bounds\n    max_len = max(len(bin_n), len(str(lower_bound)), len(str(upper_bound)))\n    \n    # Pad the lower and upper bounds with leading zeros if necessary\n    bin_lower = str(lower_bound).zfill(max_len)\n    bin_upper = str(upper_bound).zfill(max_len)\n    \n    # Check each bit using bitwise AND\n    for i in range(max_len):\n        if int(bin_n[i]) & int(bin_lower[i]) > 0 or int(bin_n[i]) & int(bin_upper[i]) > 0:\n            return False\n    \n    # If all bits are within the range, return True\n    return True",
  "explanation": "**Explanation**\nThe original code attempts to check if all the bits of a given number `n` are within a specified range `[lower_bound, upper_bound]`. However, it incorrectly assumes that the length of `bin_n` is equal to the length of `lower_bound` and `upper_bound`, which can lead to an error when trying to convert them to integers. A correct approach would be to compare each bit of `n` with the corresponding bits of the lower and upper bounds.\n\n**python**",
  "num_iterations": 6,
  "error_msg": "Traceback (most recent call last):\n  File \"/home/runner/sandbox/temp_code.py\", line 21, in <module>\n    assert candidate(5,2,4) == False\n           ^^^^^^^^^^^^^^^^^^^^^^^^^\nAssertionError\n\n",
  "success": false
}