{
  "task_id": 836,
  "code": "def candidate(arr, max_sum):\n    \"\"\"\n    This function finds the length of the subarray with the maximum sum.\n    \n    Parameters:\n    arr (list): The input list of integers.\n    max_sum (int): The target sum.\n    \n    Returns:\n    int: The length of the subarray with the maximum sum if it exists, otherwise 0.\n    \"\"\"\n    # Initialize variables for maximum sum and current sum\n    temp_max_sum = float('-inf')\n    current_sum = 0\n    \n    # Initialize variables for left pointer\n    left = 0\n    \n    # Iterate through the array\n    for right in range(len(arr)):\n        # Update the current sum\n        current_sum += arr[right]\n        \n        # If the current sum is greater than the temporary maximum sum, update temp_max_sum and left pointer\n        if current_sum > temp_max_sum:\n            temp_max_sum = current_sum\n        \n        # While the current sum is greater than the target sum, subtract the element at the left pointer and move the left pointer to the right\n        while current_sum > max_sum and left <= right:\n            current_sum -= arr[left]\n            left += 1\n            \n            # If the current sum is less than the temporary maximum sum, update temp_max_sum and left pointer\n            if current_sum < temp_max_sum:\n                temp_max_sum = current_sum\n        \n        # If the temporary maximum sum equals the target sum, return the length of the subarray\n        if temp_max_sum == max_sum:\n            return right - left + 1\n    \n    # Return 0 if no subarray with maximum sum is found\n    return 0",
  "explanation": "Explanation\n-----------\n\nThe issue with the provided code is in the inner while loop. The condition to move the left pointer should be `left < right` instead of `left <= right`. This is because we want to continue moving the left pointer until the sum becomes less than or equal to the target sum, not just less than.\n\nCode\n----",
  "num_iterations": 6,
  "error_msg": "Traceback (most recent call last):\n  File \"/home/runner/sandbox/temp_code.py\", line 44, in <module>\n    assert candidate([-2, -3, 4, -1, -2, 1, 5, -3],8) == 5\n           ^^^^^^^^^^^^^^^^^^^^^^^^^^^^^^^^^^^^^^^^^^^^^^^\nAssertionError\n\n",
  "success": false
}