{
  "task_id": 206,
  "code": "def candidate(tuples):\n    \"\"\"\n    Concatenates adjacent elements from multiple tuples into a new tuple.\n    \n    Args:\n        tuples: A variable number of tuples to be concatenated.\n        \n    Returns:\n        A new tuple with concatenated adjacent elements from each input tuple.\n    \"\"\"\n    result = []\n    # Iterate over the tuples and their indices\n    for i, t in enumerate(tuples):\n        if i == 0:\n            result.append(t)\n        else:\n            # Find adjacent sequences in the current tuple\n            for j in range(len(t) - 1):\n                seq = ''\n                k = j\n                while k < len(t) and t[k] == t[j]:\n                    seq += t[k]\n                    k += 1\n                if seq != '':\n                    result.append(seq)\n    \n    # Convert the result list into a tuple and return it\n    return tuple(result)",
  "explanation": "**EXPLANATION**\nThe provided code attempts to solve the adjacent element concatenation problem but has several issues. The main issue lies in its inefficient approach and incorrect handling of consecutive sequences. The code first iterates over unique elements across all tuples, finds their indices where they appear consecutively, and then appends these sequences into a result list. However, this approach does not guarantee the correct order or the concatenation of adjacent elements from different tuples.\n\n**PYTHON**",
  "num_iterations": 6,
  "error_msg": "Traceback (most recent call last):\n  File \"/home/runner/sandbox/temp_code.py\", line 30, in <module>\n    assert candidate((\"DSP \", \"IS \", \"BEST \", \"FOR \", \"ALL \", \"UTS\")) == ('DSP IS ', 'IS BEST ', 'BEST FOR ', 'FOR ALL ', 'ALL UTS')\n           ^^^^^^^^^^^^^^^^^^^^^^^^^^^^^^^^^^^^^^^^^^^^^^^^^^^^^^^^^^^^^^^^^^^^^^^^^^^^^^^^^^^^^^^^^^^^^^^^^^^^^^^^^^^^^^^^^^^^^^^^^\nAssertionError\n\n",
  "success": false
}