{
  "task_id": 6,
  "code": "def candidate(x: int, y: int) -> bool:\n    # Calculate the XOR of x and y\n    xor = x ^ y\n    \n    # If xor is zero, then x and y differ by only one bit position\n    if xor == 0:\n        return False\n    else:\n        # Use bitwise operations to find the differing bit positions\n        while xor != 0:\n            if (xor & 1) == 1:\n                # Check if exactly one bit is different\n                found = True\n                break\n            # Right shift xor and repeat process with right shifted value\n            xor >>= 1\n        return found",
  "explanation": "**Explanation**\nThe code attempts to solve the problem by first finding the XOR of two numbers and then iterating through each bit position to check if exactly one bit is different between the two numbers. However, this approach has several flaws, including incorrect checks for differing bits and an incorrect return value when `xor` is zero.\n\n**python**",
  "num_iterations": 6,
  "error_msg": "Traceback (most recent call last):\n  File \"/home/runner/sandbox/temp_code.py\", line 20, in <module>\n    assert candidate(15,8) == False\n           ^^^^^^^^^^^^^^^^^^^^^^^^\nAssertionError\n\n",
  "success": false
}