{
  "task_id": 586,
  "code": "def candidate(arr):\n    \"\"\"\n    Splits the array into two parts and adds the first part to the end.\n    \n    Args:\n        arr (list): The input array.\n    \n    Returns:\n        list: The resulting array with the first part added to the end.\n    \"\"\"\n    # Calculate the middle index of the array\n    mid = len(arr) // 2\n    \n    # If the length of the array is odd, the middle element should be included in the second half\n    if len(arr) % 2 != 0:\n        return arr + arr[:mid]\n    \n    # Split the array into two parts\n    first_half = arr[:mid]\n    second_half = arr[mid:]\n    \n    # Combine the first half and the second half\n    result = first_half + second_half\n    \n    return result",
  "explanation": "Explanation\n================\nThe generated code attempts to solve the problem by splitting the array into two parts and combining them. However, it does not correctly handle cases where the input array has an odd number of elements.\n\nCode\n================",
  "num_iterations": 6,
  "error_msg": "Traceback (most recent call last):\n  File \"/home/runner/sandbox/temp_code.py\", line 27, in <module>\n    assert candidate([12,10,5,6,52,36],6,2) == [5,6,52,36,12,10]\n           ~~~~~~~~~^^^^^^^^^^^^^^^^^^^^^^^\nTypeError: candidate() takes 1 positional argument but 3 were given\n\n",
  "success": false
}