{
  "task_id": 513,
  "code": "def candidate(tup, s):\n    \"\"\"\n    Convert a tuple into a list by adding the given string after every element.\n    \n    Args:\n        tup (tuple): The input tuple to be converted.\n        s (str): The string to be appended after every element in the tuple.\n    \n    Returns:\n        list: A new list where every element from the input tuple is followed by the given string.\n    \"\"\"\n    result = []\n    for x in tup:\n        # Use f-string formatting with str conversion to ensure all elements are strings\n        result.append(f\"{x}{s}\")\n    return result",
  "explanation": "Explanation\n-----------\n\nThe original code attempts to solve the problem by iterating over each element in the tuple and appending the given string after it. However, this approach fails when encountering a non-string element because it tries to concatenate a string with an integer using f-string formatting.\n\nTo fix this issue, we need to ensure that all elements in the tuple are converted to strings before appending the given string. We can achieve this by using Python's built-in `str()` function or f-strings with `str()` conversion for non-string values.\n\nCode\n----",
  "num_iterations": 6,
  "error_msg": "Traceback (most recent call last):\n  File \"/home/runner/sandbox/temp_code.py\", line 18, in <module>\n    assert candidate((5, 6, 7, 4, 9) , \"FDF\") == [5, 'FDF', 6, 'FDF', 7, 'FDF', 4, 'FDF', 9, 'FDF']\n           ^^^^^^^^^^^^^^^^^^^^^^^^^^^^^^^^^^^^^^^^^^^^^^^^^^^^^^^^^^^^^^^^^^^^^^^^^^^^^^^^^^^^^^^^\nAssertionError\n\n",
  "success": false
}