{
  "task_id": 41,
  "code": "# Define a function named candidate that filters even numbers using lambda function\ndef candidate(numbers):\n    # Use lambda function even_filter to filter even numbers from input list 'numbers'\n    even_filter = lambda x: [y for y in x if y % 2 == 0]\n    return even_filter(numbers)",
  "explanation": "Explanation\nThe given code defines a function `filter_even_numbers` which calls another lambda function `even_filter`. However, the main issue here is that there's no function named `candidate`, causing the error message. To fix this, we can simply rename the main function to `candidate`.\n\nPython",
  "num_iterations": 2,
  "error_msg": null,
  "success": true
}