{
  "task_id": 396,
  "code": "import re\n\ndef candidate(s):\n    \"\"\"\n    Check if the given string starts and ends with the same character.\n    \n    Args:\n        s (str): The input string\n    \n    Returns:\n        bool: True if the string starts and ends with the same character, False otherwise\n    \"\"\"\n    # Check if the input is a string\n    if not isinstance(s, str):\n        raise TypeError(\"Input must be a string\")\n\n    # Use regex to match the first and last characters of the string that are letters\n    return bool(re.compile(r'^[a-zA-Z]()$').match(s))",
  "explanation": "**EXPLANATION**\nThe original code uses regex to match the first and last characters of the string. However, this approach is incorrect because it returns True even if the string starts and ends with different characters that are not letters (e.g., \"123\"). We need a function that checks only for letters at the start and end of the string.\n\n**python**",
  "num_iterations": 6,
  "error_msg": "Traceback (most recent call last):\n  File \"/home/runner/sandbox/temp_code.py\", line 20, in <module>\n    assert candidate(\"abba\") == \"Valid\"\n           ^^^^^^^^^^^^^^^^^^^^^^^^^^^^\nAssertionError\n\n",
  "success": false
}