{
  "task_id": 270,
  "code": "def candidate(lst):\n    \"\"\"\n    This function calculates the sum of even numbers at even positions in a list.\n    \n    Args:\n        lst (list): A list of integers.\n    \n    Returns:\n        int: The sum of even numbers at even positions.\n    \"\"\"\n\n    # Initialize sum variable to 0\n    total_sum = 0\n    \n    # Iterate over the list with enumerate to get index and value\n    for i, num in enumerate(lst):\n        \n        # Check if index is even (considering zero-based indexing)\n        if i % 2 == 0:\n            \n            # Check if number is even\n            if num % 2 == 0:\n                \n                # Add number to sum\n                total_sum += num\n                \n    # Return the final sum\n    return total_sum",
  "explanation": "Explanation\n-----------\n\nThe generated code has a logical error where it tries to pass two arguments to the function `candidate`, which is expecting only one. The test case provided also tries to call the function with two arguments, leading to this error.\n\nCode\n-----",
  "num_iterations": 6,
  "error_msg": "Traceback (most recent call last):\n  File \"/home/runner/sandbox/temp_code.py\", line 30, in <module>\n    assert candidate([5, 6, 12, 1, 18, 8],6) == 30\n           ~~~~~~~~~^^^^^^^^^^^^^^^^^^^^^^^^\nTypeError: candidate() takes 1 positional argument but 2 were given\n\n",
  "success": false
}