{
  "task_id": 563,
  "code": "def candidate(s):\n    # Initialize an empty list to store extracted substrings\n    result = []\n    \n    # Initialize variables to build the current substring\n    curr_substr = \"\"\n    in_quote = False\n    \n    # Iterate over each character in the input string\n    for char in s:\n        # If the character is a single or double quote, toggle the in_quote status\n        if char == \"'\" or char == '\"':\n            in_quote = not in_quote\n        \n        elif in_quote:\n            # Append the current character to the substring if we're inside a quote\n            curr_substr += char\n            \n        else:\n            # If we've finished a full substring (i.e., the next character is an open quote)\n            # and it's not empty, add it to the result list\n            if curr_substr:  \n                result.append(curr_substr)\n                curr_substr = \"\"\n\n    # Return the extracted substrings\n    return result",
  "explanation": "Explanation\n================\n\nThe original code had a logical error. The variable `in_quote` was used before it was assigned a value. Also, the code did not properly handle single quotes or double quotes. We should define `in_quote` as a global variable and add conditions to check for both single and double quotes.\n\nCode\n-----",
  "num_iterations": 6,
  "error_msg": "Traceback (most recent call last):\n  File \"/home/runner/sandbox/temp_code.py\", line 29, in <module>\n    assert candidate('\"Python\", \"PHP\", \"Java\"')==['Python', 'PHP', 'Java']\n           ^^^^^^^^^^^^^^^^^^^^^^^^^^^^^^^^^^^^^^^^^^^^^^^^^^^^^^^^^^^^^^^\nAssertionError\n\n",
  "success": false
}