{
  "task_id": 509,
  "code": "def candidate(n):\n    # Initialize variables to store sum and count of odd numbers\n    total_sum = 0\n    odd_count = 0\n    \n    # Iterate from 1 to n (inclusive) with a step of 2\n    for i in range(1, n + 1, 2):\n        # Add current odd number to the sum\n        total_sum += i\n        # Increment count by 1\n        odd_count += 1\n    \n    # Check if there are any odd numbers encountered (to avoid division by zero)\n    if odd_count == 0:\n        return None  # or raise an exception, depending on your requirements\n    else:\n        # Calculate and return the average of odd numbers\n        return total_sum / odd_count",
  "explanation": "**Explanation**\nThe `candidate` function takes an integer as input, representing the upper limit for finding odd numbers. It uses a for loop to iterate from 1 to the given odd number and calculates the sum of all odd numbers encountered. The average is then calculated by dividing the sum by the total count of odd numbers.\n\n**python**",
  "num_iterations": 1,
  "error_msg": null,
  "success": true
}