{
  "task_id": 67,
  "code": "def candidate(n):\n    # Initialize a list to store the Bell numbers and an empty list for ways\n    bell = [1]\n    \n    # Generate the first n Bell numbers\n    for i in range(1, n+1):\n        bell.append(sum(bell[:i]))\n        \n    # Base case: there is one way to partition a set with zero elements\n    ways = {0: 1}\n    \n    # Iterate over the Bell numbers and calculate the number of ways to partition each one\n    for i in range(1, n+2):\n        if i not in ways:\n            ways[i] = 0\n        else:\n            # For each Bell number, sum up the number of ways to partition all smaller Bell numbers\n            for j in range(i-1, -1, -1):\n                if j in ways:\n                    ways[i] += ways[j]\n                    \n    return ways.get(n+1, 0)",
  "explanation": "Explanation\n==========\n\nThe code provided generates the Bell numbers and then attempts to calculate the number of ways to partition each one using a recursive approach. However, this approach is incorrect because it doesn't consider all possible partitions of the set.\n\nThe correct approach should use dynamic programming to build up a table of the number of ways to partition each Bell number.\n\nCode\n----",
  "num_iterations": 6,
  "error_msg": "Traceback (most recent call last):\n  File \"/home/runner/sandbox/temp_code.py\", line 24, in <module>\n    assert candidate(2)==2\n           ^^^^^^^^^^^^^^^\nAssertionError\n\n",
  "success": false
}