{
  "task_id": 352,
  "code": "def candidate(s):\n    # Convert the input string to a set\n    char_set = set(s)\n    \n    # Check if the length of the set is equal to the length of the original string\n    return len(char_set) == len(s)",
  "explanation": "**Explanation**\nThis function takes a string as input and checks if all its characters are unique by converting it to a set. If the length of the set is equal to the length of the original string, then all characters were unique.\n\nThe approach used here is based on the mathematical concept that a set in Python cannot contain duplicate elements. So, by comparing the lengths of the original string and the set created from it, we can determine if there are any duplicates.\n\n**python**",
  "num_iterations": 1,
  "error_msg": null,
  "success": true
}