{
  "task_id": 295,
  "code": "import math\n\ndef candidate(n):\n    \"\"\"\n    This function calculates the sum of all divisors of a given number.\n    \n    Parameters:\n    n (int): The input number\n    \n    Returns:\n    int: The sum of all divisors of the input number\n    \"\"\"\n    # Initialize sum with 0\n    total_sum = 0\n    \n    # Iterate over numbers from 1 to sqrt(n)\n    for i in range(1, int(math.sqrt(n)) + 1):\n        # Check if i is a divisor of n\n        if n % i == 0:\n            # Add both the smaller and larger divisors to the sum\n            total_sum += i\n            # Check if i is not equal to n // i (to avoid adding duplicate)\n            if i != n // i:\n                total_sum += n // i\n    \n    return total_sum",
  "explanation": "**Explanation**\nThe code was attempting to calculate the sum of all divisors of a number by iterating over numbers from 1 to the square root of the input number and adding the smaller divisor and its corresponding larger divisor to the total sum. However, this approach has a flaw in handling cases where `i` is not a divisor of `n`, causing incorrect results. Additionally, the code contained redundant calculations by always using `min(i, n // i)`.\n\n**python**",
  "num_iterations": 6,
  "error_msg": "Traceback (most recent call last):\n  File \"/home/runner/sandbox/temp_code.py\", line 28, in <module>\n    assert candidate(8)==7\n           ^^^^^^^^^^^^^^^\nAssertionError\n\n",
  "success": false
}