{
  "task_id": 216,
  "code": "python\ndef candidate(nested_list1, nested_list2):\n    # Check if both inputs are lists\n    if not isinstance(nested_list1, list) or not isinstance(nested_list2, list):\n        raise TypeError(\"Both inputs must be lists\")\n\n    def flatten(nested_list):\n        flat_list = []\n        for item in nested_list:\n            if isinstance(item, list):\n                flat_list.extend(flatten(item))\n            else:\n                flat_list.append(item)\n        return flat_list\n\n    # Flatten both lists\n    flattened_sublist1 = set(flatten(nested_list1))\n    flattened_sublist2 = set(flatten(nested_list2))\n\n    # Check if nested_list1 is a subset of nested_list2\n    return flattened_sublist1.issubset(flattened_sublist2)",
  "explanation": "Explanation\n-----------\n\nThe provided code attempts to check if a nested list is a subset of another by first flattening both lists and then comparing their elements. However, the approach has a logical flaw in the `is_subset` function. It checks if each element from the first sublist exists in the second sublist, but it does not verify if all elements are present. This results in an incorrect output when the lengths of the two sublists differ.\n\nThe corrected code uses the built-in `set` data type to efficiently check for subset relationships between lists. It converts both flattened sublists into sets and then checks if one set is a subset of another using the `issubset` method.",
  "num_iterations": 6,
  "error_msg": "Traceback (most recent call last):\n  File \"/home/runner/sandbox/temp_code.py\", line 1, in <module>\n    python\nNameError: name 'python' is not defined\n\n",
  "success": false
}