{
  "task_id": 763,
  "code": "# python\ndef candidate(nums):\n    \"\"\"\n    Find the minimum difference between any two elements in a given array.\n    \n    Args:\n        nums (list): The input array.\n    \n    Returns:\n        int: The minimum difference between any two elements in the array. If no such difference is found, returns None.\n    \"\"\"\n    # Check if array has less than 2 elements\n    if len(nums) < 2:\n        return None\n    \n    # Sort the array\n    nums.sort()\n    \n    # Initialize minimum difference with the difference between first two elements\n    min_diff = float('inf')\n    \n    # Iterate through the sorted array starting from the second element\n    for i in range(1, len(nums)):\n        # Calculate the absolute difference between current and previous element\n        diff = abs(nums[i] - nums[i-1])\n        \n        # Update minimum difference if a smaller one is found\n        min_diff = min(min_diff, diff)\n    \n    return min_diff",
  "explanation": "Explanation\n------------\n\nThe code has a logical error. The function `candidate` is defined to take one argument `arr`, but in the test case, it's being called with two arguments `(num)` and another value `6`. This mismatch in the number of arguments causes the TypeError.\n\nCode\n-----",
  "num_iterations": 6,
  "error_msg": "Traceback (most recent call last):\n  File \"/home/runner/sandbox/temp_code.py\", line 32, in <module>\n    assert candidate((1,5,3,19,18,25),6) == 1\n           ~~~~~~~~~^^^^^^^^^^^^^^^^^^^^\nTypeError: candidate() takes 1 positional argument but 2 were given\n\n",
  "success": false
}