{
  "task_id": 476,
  "code": "def candidate(arr):\n    \"\"\"\n    Calculate the sum of the largest and smallest value in a given array.\n    \n    Args:\n        arr (list): A list of numbers.\n    \n    Returns:\n        int: The sum of the largest and smallest value in the array.\n    \"\"\"\n    max_val = max(arr)  # Find the largest element\n    min_val = min(arr)  # Find the smallest element\n    return max_val + min_val  # Return the sum of these two values",
  "explanation": "**Explanation**\nThis function will calculate the sum of the largest and smallest values in a given array. It achieves this by using Python's built-in `max()` and `min()` functions to identify the largest and smallest elements, respectively. The function then simply adds these two values together to produce the desired result.\n\n**python**",
  "num_iterations": 1,
  "error_msg": null,
  "success": true
}