{
  "task_id": 538,
  "code": "def candidate(string_list):\n    # Use a generator expression to create tuples for each string\n    # Sort each string alphabetically using sorted() function with key argument set to str.lower()\n    result_tuple = tuple(''.join(sorted(s, key=str.lower)) for s in string_list)\n    \n    # Return the resulting tuple\n    return result_tuple",
  "explanation": "Explanation\n-----------\n\nThe code provided attempts to convert a list of strings into tuples, where each string's characters are sorted alphabetically. However, the current implementation has several issues. Firstly, it tries to sort individual characters in each string, but this will not work correctly because Python's sorting is case-sensitive and considers spaces as characters. Secondly, the code uses list comprehension, which is not suitable for converting lists to tuples.\n\nCode\n----",
  "num_iterations": 6,
  "error_msg": "Traceback (most recent call last):\n  File \"/home/runner/sandbox/temp_code.py\", line 9, in <module>\n    assert candidate((\"python 3.0\")) == ('p', 'y', 't', 'h', 'o', 'n', '3', '.', '0')\n           ^^^^^^^^^^^^^^^^^^^^^^^^^^^^^^^^^^^^^^^^^^^^^^^^^^^^^^^^^^^^^^^^^^^^^^^^^^\nAssertionError\n\n",
  "success": false
}