{
  "task_id": 294,
  "code": "def candidate(input_list):\n    \"\"\"\n    This function finds the maximum value in a given heterogeneous list.\n    \n    Parameters:\n    input_list (list): A list containing various data types.\n    \n    Returns:\n    The maximum value found in the input list.\n    \"\"\"\n\n    # Filter out non-comparable values and store only comparable values\n    comparable_values = [value for value in input_list if isinstance(value, (int, float))]\n    \n    # Check if any comparable values are present\n    if not comparable_values:\n        raise ValueError(\"Input list cannot contain non-numerical values\")\n    \n    # Use the built-in max function to find the maximum value from the filtered list\n    return max(comparable_values)",
  "explanation": "**Explanation**\nThe provided code attempts to find the maximum value in a heterogeneous list using the built-in `max` function. However, this approach fails when encountering data types that cannot be compared using the greater-than operator. To resolve this issue, we need to ensure that only comparable values are processed.\n\n**python**",
  "num_iterations": 2,
  "error_msg": null,
  "success": true
}