{
  "task_id": 573,
  "code": "# python\ndef candidate(nums):\n    # convert the input list into a set to remove duplicates\n    unique_nums = set(nums)\n    \n    # initialize the product variable to 1\n    product = 1\n    \n    # iterate over each number in the set of unique numbers\n    for num in unique_nums:\n        # multiply the current product by the current number\n        product *= num\n        \n    # return the final product\n    return product",
  "explanation": "**Explanation**\nThis function calculates the product of all unique numbers in a given list. It uses a set to remove duplicates and then multiplies all the numbers together. The approach is simple and efficient, making it suitable for large lists.",
  "num_iterations": 1,
  "error_msg": null,
  "success": true
}