{
  "task_id": 574,
  "code": "import math\n\ndef candidate(r, h):\n    \"\"\"\n    Calculate the surface area of a cylinder.\n    \n    Parameters:\n    r (float): The radius of the cylinder's base.\n    h (float): The height of the cylinder.\n    \n    Returns:\n    float: The surface area of the cylinder.\n    \"\"\"\n    # Calculate the lateral surface area\n    lateral_area = 2 * math.pi * r * h\n    \n    # Calculate the total surface area using the correct formula\n    return 2 * math.pi * r ** 2 + lateral_area",
  "explanation": "Explanation\n================\n\nThe provided code attempts to calculate the surface area of a cylinder using the formula `2 * pi * r ** 2 + 2 * pi * r * h`, where `r` is the radius and `h` is the height. However, the issue lies in the calculation of the lateral (side) surface area, which is actually given by `2 * pi * r * h`. The corrected code calculates both areas but then incorrectly sums them.\n\nCode\n------",
  "num_iterations": 6,
  "error_msg": "Traceback (most recent call last):\n  File \"/home/runner/sandbox/temp_code.py\", line 20, in <module>\n    assert candidate(10,5)==942.45\n           ^^^^^^^^^^^^^^^^^^^^^^^\nAssertionError\n\n",
  "success": false
}