{
  "task_id": 353,
  "code": "def candidate(nested_list, col_index):\n    # Base case: if the list is empty, return it as is\n    if not nested_list:\n        return nested_list\n    \n    # Initialize a new list to store the result\n    new_list = []\n    \n    # Iterate through each element in the list\n    for i in range(len(nested_list)):\n        # If the current index does not match the column index, append the element\n        if i != col_index:\n            # Check if the current element is a list itself\n            if isinstance(nested_list[i], list):\n                new_list.append(candidate(nested_list[i], col_index))\n            else:\n                new_list.append(nested_list[i])\n    \n    return new_list",
  "explanation": "Explanation\n-----------\n\nThe code provided attempts to recursively remove a specified column from a given nested list. However, it fails because when the `col_index` is equal to an index that points to a sublist, it does not correctly handle this case.\n\nCode",
  "num_iterations": 6,
  "error_msg": "Traceback (most recent call last):\n  File \"/home/runner/sandbox/temp_code.py\", line 21, in <module>\n    assert candidate([[1, 2, 3], [2, 4, 5], [1, 1, 1]],0)==[[2, 3], [4, 5], [1, 1]]\n           ^^^^^^^^^^^^^^^^^^^^^^^^^^^^^^^^^^^^^^^^^^^^^^^^^^^^^^^^^^^^^^^^^^^^^^^^\nAssertionError\n\n",
  "success": false
}