{
  "task_id": 918,
  "code": "Note: The issue is still present in this code as it uses a lot of redundant computations.",
  "explanation": "Explanation\n-----------\n\nThe code was attempting to solve the coin change problem using dynamic programming. However, it had a logical error in its implementation. The issue lies in the way it updates the minimum coin count for each amount. The current implementation incorrectly uses the `min` function without considering all possible combinations of coins.\n\nCode\n----\n\n```python \ndef candidate(coins, amount):\n    # Initialize a list to store the minimum coin counts for each amount\n    dp = [float('inf')] * (amount + 1)\n    \n    # Base case: 0 coins are needed to make an amount of 0\n    dp[0] = 0\n    \n    # For each coin denomination\n    for coin in sorted(coins, reverse=True):\n        # For each amount from the current coin value up to the target amount\n        for i in range(coin, amount + 1):\n            # Update the minimum coin count for the current amount\n            dp[i] = min(dp[i], dp[i - coin] + 1)\n    \n    # Return the minimum number of coins needed to make the total amount\n    return dp[amount] if dp[amount] != float('inf') else -1",
  "num_iterations": 6,
  "error_msg": "  File \"/home/runner/sandbox/temp_code.py\", line 1\n    Note: The issue is still present in this code as it uses a lot of redundant computations.\n              ^^^^^\nSyntaxError: invalid syntax\n\n",
  "success": false
}