{
  "task_id": 524,
  "code": "def candidate(nums):\n    \"\"\"\n    This function calculates the sum of maximum increasing subsequence (MIS) \n    in the given array.\n    \n    Args:\n        nums (list): A list of integers.\n        \n    Returns:\n        int: The sum of MIS if it exists, otherwise None.\n    \"\"\"\n\n    # Handle edge case where input list is empty\n    if not nums:\n        return None\n\n    n = len(nums)\n    dp = [num for num in nums]  # Initialize dp array with input numbers\n    \n    for i in range(1, n):\n        for j in range(i):\n            # If current number is greater than previous number, update dp[j]\n            if nums[i] > nums[j]:\n                dp[j] = max(dp[j], nums[i])\n    \n    # Calculate the cumulative sum of MIS\n    total_sum = 0\n    max_dp_value = max(dp)\n    for num in dp:\n        if num == max_dp_value:\n            total_sum += num\n    \n    return total_sum",
  "explanation": "**EXPLANATION**\nThe original code attempts to calculate the sum of maximum increasing subsequence (MIS) in a given array. However, it has several issues such as handling edge cases and function arguments incorrectly, leading to a TypeError when trying to call the function with two positional arguments.\n\n**python**",
  "num_iterations": 6,
  "error_msg": "Traceback (most recent call last):\n  File \"/home/runner/sandbox/temp_code.py\", line 35, in <module>\n    assert candidate([1, 101, 2, 3, 100, 4, 5], 7) == 106\n           ~~~~~~~~~^^^^^^^^^^^^^^^^^^^^^^^^^^^^^^\nTypeError: candidate() takes 1 positional argument but 2 were given\n\n",
  "success": false
}