{
  "task_id": 827,
  "code": "def candidate(matrix, col_index):\n    # Check if the input matrix is valid (not empty)\n    if not matrix:\n        raise ValueError(\"Input matrix cannot be empty\")\n\n    # Get the number of rows in the matrix\n    num_rows = len(matrix)\n\n    # Initialize sum to zero\n    total_sum = 0\n\n    # Loop over each row in the matrix\n    for i in range(num_rows):\n        # Add up values in the specified column\n        total_sum += matrix[i][col_index]\n\n    # Return the sum of the specified column\n    return total_sum",
  "explanation": "**Explanation**\nThe `candidate` function is designed to take a 2D list (a list of lists) as input, and returns the sum of a specified column. The column index is also an argument to the function. This function uses a simple loop to iterate over each row in the 2D list, adding up the values in the specified column.\n\n**python**",
  "num_iterations": 1,
  "error_msg": null,
  "success": true
}