{
  "task_id": 765,
  "code": "def candidate(n):\n    \"\"\"\n    This function calculates the nth polite number.\n    \n    :param n: The position of the polite number to be calculated.\n    :return: The nth polite number.\n    \"\"\"\n    # Initialize the first two polite numbers\n    a, b = 2, 5\n    \n    # Calculate the nth polite number using the formula\n    return a * (b ** (n - 1)) + b",
  "explanation": "**Explanation**\nThe original code attempts to find the nth polite number by iterating through values of `i` and `j` and checking if a given number can be represented as `2^n - 5^m` or `2^n * 5 + 5^m`. However, this approach is inefficient and prone to errors. A more efficient approach would be to use a mathematical formula to calculate the nth polite number directly.\n\n**python**",
  "num_iterations": 6,
  "error_msg": "Traceback (most recent call last):\n  File \"/home/runner/sandbox/temp_code.py\", line 14, in <module>\n    assert candidate(7) == 11\n           ^^^^^^^^^^^^^^^^^^\nAssertionError\n\n",
  "success": false
}