{
  "task_id": 427,
  "code": "import re\n\ndef candidate(date_str):\n    # Define the regex pattern to match the date components\n    pattern = r\"(\\d{4})-(\\d{2})-(\\d{2})\"\n    \n    # Use the regex pattern to extract the day, month, and year components\n    match = re.match(pattern, date_str)\n    if match:\n        # Extract the matched groups (year, month, day) as integers\n        year, month, day = map(int, match.groups())\n        \n        # Format the output string in dd-mm-yyyy format using f-strings\n        result = f\"{day:02d}-{month:02d}-{year}\"\n    else:\n        # Return an error message if the date pattern is not found\n        result = \"Invalid date format\"\n    \n    return result",
  "explanation": "**EXPLANATION**\nThis function uses regular expressions (regex) to extract and rearrange the day, month, and year components from a given date string. The approach is to use Python's built-in `re` module to perform the regex operations. This method assumes that the input date string is in the format \"yyyy-mm-dd\".\n\n**PYTHON**",
  "num_iterations": 1,
  "error_msg": null,
  "success": true
}