{
  "task_id": 694,
  "code": "python\ndef candidate(d):\n    # Initialize an empty set to store unique values\n    unique_values = set()\n    \n    # Iterate over each key-value pair in the input dictionary\n    for key, value in d.items():\n        # Check if the value is a list\n        if isinstance(value, list):\n            # Flatten the list into individual elements and add them to the set\n            unique_values.update(set(value))  # Use set() to convert the list to an iterable\n        else:\n            # Add the non-list value to the set\n            unique_values.add(value)\n            \n    # Return the set of unique values\n    return unique_values",
  "explanation": "Explanation\n-----------\n\nThe original code attempts to extract unique values from a dictionary by iterating over its items and adding each value to a set. However, the issue arises when it encounters a list as a value in the dictionary, as the `update()` method requires an iterable argument. Additionally, there's no clear indication of what constitutes a \"unique\" value.\n\nCode\n-----",
  "num_iterations": 6,
  "error_msg": "Traceback (most recent call last):\n  File \"/home/runner/sandbox/temp_code.py\", line 1, in <module>\n    python\nNameError: name 'python' is not defined\n\n",
  "success": false
}