{
  "task_id": 935,
  "code": "def candidate(n):\n    # Initialize the sum variable to 0\n    total_sum = 0\n    \n    # Loop through numbers from 1 to n\n    for i in range(1, n+1):\n        # Add the square of the current number to the sum\n        total_sum += i ** 2\n        \n    # Return the calculated sum\n    return total_sum",
  "explanation": "**Explanation**\nThis function calculates the sum of squares of numbers from 1 to n. It uses a simple iterative approach, looping through each number and adding its square to the total sum. The result is then returned by the function.\n\n\n**python**",
  "num_iterations": 1,
  "error_msg": null,
  "success": true
}