{
  "task_id": 46,
  "code": "def candidate(numbers):\n    # Create a set from the given list\n    unique_numbers = set(numbers)\n    \n    # Check if the length of the original list is equal to the number of unique elements\n    return len(numbers) == len(unique_numbers)",
  "explanation": "**Explanation**\nThis function determines whether all numbers in a given list are unique. It uses a set data structure to keep track of unique elements and then checks if the length of the original list is equal to the number of unique elements. If they are equal, it means all numbers are unique.\n\n**python**",
  "num_iterations": 1,
  "error_msg": null,
  "success": true
}