{
  "task_id": 693,
  "code": "import re\n\ndef candidate(s):\n    # Replace one or more spaces with a single space\n    return re.sub(' +', ' ', s)",
  "explanation": "**Explanation**\nThe provided function uses regular expressions (regex) to replace multiple spaces in a given string with a single space. It achieves this by utilizing the `re.sub` method, which replaces specified patterns with specified strings. This approach is concise and efficient for removing multiple spaces from a string.\n\n\n**python**",
  "num_iterations": 1,
  "error_msg": null,
  "success": true
}