{
  "task_id": 656,
  "code": "import functools\n\ndef candidate(arr1, arr2):\n    # Check if both inputs are lists\n    if not isinstance(arr1, list) or not isinstance(arr2, list):\n        raise ValueError(\"Both inputs must be lists\")\n\n    # Check if both lists have the same length\n    if len(arr1) != len(arr2):\n        raise ValueError(\"Both lists must have the same length\")\n\n    return min(functools.cmp_to_key(lambda x: abs(x[0] - x[1]))(zip(arr1, arr2)))",
  "explanation": "Explanation\n------------\n\nThe original function `candidate` has two parameters `arr1` and `arr2`, but it is being called with three parameters in the test case, which causes a TypeError because Python functions only accept a specific number of arguments. To fix this issue, we need to modify the function to accept any number of additional keyword-only arguments.\n\nCode\n-----",
  "num_iterations": 6,
  "error_msg": "Traceback (most recent call last):\n  File \"/home/runner/sandbox/temp_code.py\", line 14, in <module>\n    assert candidate([3,2,1],[2,1,3],3) == 0\n           ~~~~~~~~~^^^^^^^^^^^^^^^^^^^\nTypeError: candidate() takes 2 positional arguments but 3 were given\n\n",
  "success": false
}