{
  "task_id": 372,
  "code": "import heapq\n\ndef candidate(data):\n    \"\"\"\n    Sorts a given list of elements in ascending order using heap queue algorithm.\n    \n    Args:\n        data (list): A list of elements to be sorted.\n    \n    Returns:\n        list: The sorted list of elements.\n    \"\"\"\n    # Create a copy of the input data\n    data_copy = data.copy()\n    \n    # Convert the list into a max heap by negating all elements and then converting back to normal\n    data_copy = [-x for x in data_copy]\n    heapq._heapify_max(data_copy)\n    \n    # Initialize an empty list to store the sorted elements\n    sorted_data = []\n    \n    # Continue the process until the heap is not empty\n    while data_copy:\n        # Extract the maximum element from the heap and add it to the sorted list\n        sorted_data.append(-heapq._heappop_max(data_copy))\n        \n    return sorted_data",
  "explanation": "**Explanation**\nThe code provided attempts to sort a list of elements using the heap queue algorithm. However, there are several issues with the implementation. The main problem is that `heapq._heappop_max` and `heapq._heapify_max` functions are not designed to be used directly from the user. These functions are only intended to be used by the internal workings of the heapq module. Another issue is that `heapq._heapify_max` modifies its input list in-place, which can lead to unexpected behavior if the original data needs to be preserved. The code also tries to implement a max heap using min heap operations, which is not necessary and inefficient.\n\n**python**",
  "num_iterations": 3,
  "error_msg": null,
  "success": true
}