{
  "task_id": 894,
  "code": "def candidate(s):\n    # Split the string by commas and iterate over each value\n    result = []\n    \n    # Iterate over each value in the input string\n    for value in s.split(','):\n        try:\n            # Attempt to convert the value to a float\n            num = float(value)\n            \n            # Check if the number is already an integer\n            if '.' not in str(num):\n                result.append((num, 0.0))\n            else:\n                int_part, dec_part = str(num).split('.')\n                result.append((int(int_part), float(dec_part)))\n        except ValueError as e:\n            # Return None or an appropriate value when encountering invalid inputs\n            return None\n    \n    # If the input string is empty, return a single tuple with 0.0 values\n    if not result:\n        return (0.0,) * len(s.split(','))\n    \n    # Convert the list of tuples to a tuple and return it\n    return tuple(result)",
  "explanation": "Explanation\n-----------\nThe code provided attempts to convert a string of comma-separated float values into a tuple. However, it contains several issues, including incorrect handling of integers and decimal parts. Additionally, the function returns `None` when encountering invalid inputs, which causes the test to fail.\n\nCode\n----",
  "num_iterations": 6,
  "error_msg": "Traceback (most recent call last):\n  File \"/home/runner/sandbox/temp_code.py\", line 28, in <module>\n    assert candidate(\"1.2, 1.3, 2.3, 2.4, 6.5\") == (1.2, 1.3, 2.3, 2.4, 6.5)\n           ^^^^^^^^^^^^^^^^^^^^^^^^^^^^^^^^^^^^^^^^^^^^^^^^^^^^^^^^^^^^^^^^^\nAssertionError\n\n",
  "success": false
}