{
  "task_id": 489,
  "code": "def candidate(arr):\n    \"\"\"\n    Find the frequency of the largest value in a given array.\n    \n    Args:\n        arr (list): The input array containing multiple values.\n    \n    Returns:\n        int: The frequency of the largest value in the array.\n    \"\"\"\n    # Initialize a dictionary to store the frequency of each value in the array\n    freq = {}\n    \n    # Iterate over the input array and update the frequency dictionary\n    for num in arr:\n        if num not in freq:\n            freq[num] = 1\n        else:\n            freq[num] += 1\n    \n    # Find the maximum value in the array\n    max_val = max(arr)\n    \n    # Return the frequency of the largest value in the array\n    return freq.get(max_val, 0)",
  "explanation": "Explanation\n-----------\n\nThe generated code has a logical error. The function `candidate` is not correctly defined to handle the input array and its corresponding value counts. It only returns the frequency of the maximum value, which is incorrect because we need to find the frequency of the largest value in the given array.\n\nCode\n----",
  "num_iterations": 6,
  "error_msg": "Traceback (most recent call last):\n  File \"/home/runner/sandbox/temp_code.py\", line 27, in <module>\n    assert candidate(5,[1,2,3,4,4]) == 2\n           ~~~~~~~~~^^^^^^^^^^^^^^^\nTypeError: candidate() takes 1 positional argument but 2 were given\n\n",
  "success": false
}