{
  "task_id": 528,
  "code": "def candidate(lst):\n    \"\"\"\n    Returns the first sublist in the input list that has the smallest length.\n    \n    Args:\n        lst (list): A list of lists containing integers or other comparable elements.\n    \n    Returns:\n        tuple: A tuple containing the minimum length and the corresponding sublist. If no such sublist exists, returns None for both values.\n    \"\"\"\n    # Check if the input list is empty\n    if not lst:\n        return None, None\n    \n    # Initialize the minimum length and the corresponding sublist\n    min_len = float('inf')  # Initialize with positive infinity\n    min_sublst = None\n    \n    # Iterate over each sublist in the input list\n    for sublst in lst:\n        # Check if the current sublist has a smaller length than the current minimum\n        if len(sublst) < min_len:\n            min_len = len(sublst)\n            min_sublst = sublst\n    \n    # Return the minimum length and the corresponding sublist\n    return min_len, min_sublst",
  "explanation": "**EXPLANATION**\nThe provided code attempts to find the first sublist with the smallest length in a list of lists. However, it incorrectly uses the `next` function without checking if the iterator is empty, which leads to an error when no such sublist exists. Additionally, the code does not handle the case where the input list is empty.\n\n**python**",
  "num_iterations": 2,
  "error_msg": null,
  "success": true
}