{
  "task_id": 328,
  "code": "def candidate(nums, k):\n    \"\"\"\n    Rotate a given list by specified number of items to the left direction.\n    \n    Args:\n        nums (list): The input list to be rotated.\n        k (int): The number of positions to rotate the list to the left.\n\n    Returns:\n        list: The rotated list.\n    \"\"\"\n    # Check if input is a list\n    if not isinstance(nums, list):\n        raise ValueError(\"Input must be a list\")\n\n    # If the input list is empty, return it as is\n    if len(nums) == 0:\n        return nums\n\n    # Calculate the effective number of positions to rotate\n    rotations = k % len(nums)\n\n    # Use list slicing to rotate the list\n    return nums[rotations:] + nums[:rotations]",
  "explanation": "Explanation\n-----------\n\nThe provided code attempts to rotate a list by a specified number of items to the left direction. However, it contains several issues that prevent it from working correctly.\n\n- The function `candidate` takes variable arguments `*k`, which makes it difficult to specify the exact rotation amount.\n- The line `rotations = min(k)` calculates the effective number of positions to rotate, but this calculation is incorrect because it considers all rotations as valid even when they exceed the length of the list.\n- The function uses list slicing with `nums[:-rotations]`, which returns a slice of the input list starting from index `-rotations` up to the end of the list. This results in an empty list being inserted at the beginning, effectively rotating the list to the right direction.\n\nCode\n-----",
  "num_iterations": 6,
  "error_msg": "Traceback (most recent call last):\n  File \"/home/runner/sandbox/temp_code.py\", line 26, in <module>\n    assert candidate([1, 2, 3, 4, 5, 6, 7, 8, 9, 10],3,4)==[4, 5, 6, 7, 8, 9, 10, 1, 2, 3, 4]\n           ~~~~~~~~~^^^^^^^^^^^^^^^^^^^^^^^^^^^^^^^^^^^^^\nTypeError: candidate() takes 2 positional arguments but 3 were given\n\n",
  "success": false
}