{
  "task_id": 893,
  "code": "def candidate(lst):\n    # Use list comprehension to extract the last element of each sublist\n    return [sublist[-1] for sublist in lst]",
  "explanation": "**Explanation**\nThe function will use list comprehension to achieve the desired result. It iterates over each sublist in the input list, and for each sublist, it extracts the last element using the index -1. The resulting elements are collected into a new list, which is then returned by the function.\n\n**python**",
  "num_iterations": 1,
  "error_msg": null,
  "success": true
}