{
  "task_id": 597,
  "code": "python\ndef candidate(nums1, nums2, k):\n    # Check if k is within range\n    if k < 1 or k > len(nums1) + len(nums2):\n        return None\n    \n    # Initialize pointers for both arrays\n    i, j = 0, 0\n    \n    # Function to calculate the total count of elements less than or equal to mid in either array\n    def count_less_than_target(val):\n        return sum(1 for num in [nums1[i:], nums2[j:]] if num <= val)\n    \n    # Initialize left and right pointers for binary search\n    left, right = 0, min(len(nums1), len(nums2))\n    \n    while left < right:\n        mid = (left + right) // 2\n        \n        # Calculate the total count of elements less than or equal to mid in either array\n        total_count = count_less_than_target(mid)\n        \n        # If kth element is within the first partition, update right pointer\n        if total_count >= k and i < len(nums1):\n            left = mid + 1\n        elif total_count < k:\n            j += 1\n            left = mid + 1\n    \n    # Return the kth smallest element if k is within range\n    return min(nums1[i] if i < len(nums1) else float('inf'), nums2[j] if j < len(nums2) else float('inf'))",
  "explanation": "Explanation\n================\n\nThe code generated has several issues. The function `candidate` tries to access `nums1[-1]` and `nums2[-1]` directly which will raise an error because the length of the arrays are less than 1. Also, there is no validation for the input parameters `k`. The binary search approach seems correct but it needs some modifications.\n\nCode\n======",
  "num_iterations": 6,
  "error_msg": "Traceback (most recent call last):\n  File \"/home/runner/sandbox/temp_code.py\", line 1, in <module>\n    python\nNameError: name 'python' is not defined\n\n",
  "success": false
}