{
  "task_id": 246,
  "code": "def candidate(n, precision=0.00001):\n    \"\"\"\n    Computes the square root of a number 'n' using the Babylonian method.\n    \n    Args:\n        n (float): The input number.\n        precision (float, optional): The desired precision. Defaults to 0.00001.\n    \n    Returns:\n        float: The approximate square root of 'n'.\n    \"\"\"\n    if n < 0:\n        raise ValueError(\"Input must be a non-negative number.\")\n    \n    # Handle the special case where n is 0\n    if n == 0:\n        return 0\n    \n    x = n / 2.0  # Initialize with a reasonable starting guess\n    \n    while abs(x * x - n) > precision:\n        # Correctly calculate the next estimate using the Babylonian method formula\n        # x_new = (x + n/x)\n        # Since we want to apply the correct calculation in two iterations, \n        # let's store this value and update 'x' for the next iteration.\n        \n        temp_x = ((4*x*(n - x)) / n)  # Corrected formula\n        \n        if abs(temp_x) < precision:\n            break\n        \n        x = temp_x\n    \n    return x",
  "explanation": "Explanation\n================\nThe given code attempts to compute the square root of a number 'n' using the Babylonian method. However, it contains an error in calculating the next estimate 'x_new'. The formula used is incorrect, which causes the loop to run indefinitely or not at all.\n\nCode\n-----",
  "num_iterations": 6,
  "error_msg": "Traceback (most recent call last):\n  File \"/home/runner/sandbox/temp_code.py\", line 36, in <module>\n    assert candidate(10)==3.162277660168379\n           ^^^^^^^^^^^^^^^^^^^^^^^^^^^^^^^^\nAssertionError\n\n",
  "success": false
}