{
  "task_id": 578,
  "code": "def candidate(*lists):\n    # Handle case where no lists are provided\n    if not lists:\n        return []\n\n    # Determine the length of the shortest list\n    min_length = min(len(lst) for lst in lists)\n\n    result = []\n    for i in range(min_length):\n        # Pair elements from each list and append them to the result\n        pairs = [lst[i] for lst in lists]\n        result.extend(pairs)\n\n    # Append remaining elements from longer lists\n    for i, lst in enumerate(lists):\n        if len(lst) > min_length:\n            result.extend(lst[min_length:])\n\n    return result",
  "explanation": "Explanation\n-----------\n\nThe code attempts to interleave lists of the same length by zipping them together and then appending the remaining elements from longer lists. However, the use of `zip(*lists)` creates a zip object that cannot be subscripted.\n\nCode",
  "num_iterations": 3,
  "error_msg": null,
  "success": true
}