{
  "task_id": 924,
  "code": "# python\ndef candidate(a, b):\n    # Check if a is greater than b and return a if true\n    if a > b:\n        return a\n    # If not, check if b is greater than a and return b if true\n    elif b > a:\n        return b\n    # If both numbers are equal, return either one (arbitrary choice)\n    else:\n        return a",
  "explanation": "**Explanation**\nThis function will take two arguments, `a` and `b`, which represent the two numbers to compare. It returns the larger number using a simple comparison approach.\n\nThe function uses Python's built-in comparison operators (`>`, `<`) to determine the maximum value between the two inputs.",
  "num_iterations": 1,
  "error_msg": null,
  "success": true
}