{
  "task_id": 231,
  "code": "def candidate(num_rows):\n    \"\"\"\n    This function finds the maximum sum in a given right triangle of numbers.\n    \n    Args:\n        num_rows (list): A list of lists where each sublist contains two numbers that form a leg and hypotenuse of the right triangle respectively.\n        \n    Returns:\n        int: The maximum sum of the triangle.\n    \"\"\"\n    max_sum = float('-inf')\n    for row in num_rows:\n        # Extract the legs and hypotenuse from the current row\n        leg, hypotenuse = row[0], row[1]\n        \n        # Calculate the other leg using Pythagorean theorem\n        other_leg = (hypotenuse ** 2 - leg ** 2) ** 0.5\n        \n        # Check if the numbers form a right triangle\n        if leg ** 2 + other_leg ** 2 == hypotenuse ** 2:\n            total = leg + other_leg\n            max_sum = max(max_sum, total)\n    \n    return max_sum",
  "explanation": "**Explanation**\nThe original code has a logical error where it's trying to access the `num_rows` parameter both as an argument and inside the function. The corrected code should only use the `num_rows` argument.\n\n**python**",
  "num_iterations": 6,
  "error_msg": "Traceback (most recent call last):\n  File \"/home/runner/sandbox/temp_code.py\", line 26, in <module>\n    assert candidate([[1], [2,1], [3,3,2]], 3) == 6\n           ~~~~~~~~~^^^^^^^^^^^^^^^^^^^^^^^^^^\nTypeError: candidate() takes 1 positional argument but 2 were given\n\n",
  "success": false
}