{
  "task_id": 437,
  "code": "def candidate(s):\n    \"\"\"\n    Removes all characters from a string that are not alphabetic letters.\n    \n    Args:\n        s (str): The input string.\n    \n    Returns:\n        str: The string with only alphabetic letters.\n    \"\"\"\n\n    # Initialize an empty string to store the result\n    result = \"\"\n\n    # Iterate over each character in the string\n    for char in s:\n        # Check if the character is an alphabet letter\n        if char.isalpha():\n            # If it's a letter, add it to the result string\n            result += char\n\n    # Return the result string\n    return result",
  "explanation": "**Explanation**\nThe generated code attempts to remove odd characters from a string by iterating over each character and checking if it's an alphabet letter using the `isalpha()` method. However, this approach is flawed as it only considers alphabetic letters without considering their case or position in the string. To fix this, we need to modify the code to handle both lowercase and uppercase letters and remove any non-alphabet characters.\n\n**python**",
  "num_iterations": 6,
  "error_msg": "Traceback (most recent call last):\n  File \"/home/runner/sandbox/temp_code.py\", line 25, in <module>\n    assert candidate(\"python\")==(\"yhn\")\n           ^^^^^^^^^^^^^^^^^^^^^^^^^^^^\nAssertionError\n\n",
  "success": false
}