{
  "task_id": 299,
  "code": "def candidate(tuples_list):\n    \"\"\"\n    Calculate the maximum aggregate from the list of tuples.\n    If no numeric values exist, return (0, 0).\n\n    Args:\n        tuples_list (list): A list of tuples containing different data types.\n\n    Returns:\n        tuple: The maximum aggregate value as a tuple.\n    \"\"\"\n\n    # Initialize the total sum and max val to zero\n    total = 0\n    max_val = 0\n\n    # Iterate over each tuple in the list\n    for tup in tuples_list:\n        # Extract numeric values within the tuple\n        nums = [val for val in tup if isinstance(val, (int, float))]\n\n        # Calculate the maximum value in the current tuple\n        max_tup_val = max(nums) if nums else 0\n\n        # Update total sum and max_val\n        total += max_tup_val\n        max_val = max(max_val, max_tup_val)\n\n    # If no numeric values exist, return (0, 0)\n    if not any(isinstance(val, (int, float)) for tup in tuples_list for val in tup):\n        return (0, 0)\n\n    # Return the overall maximum sum as a tuple\n    return (max_val, int(total))",
  "explanation": "Explanation\n-----------\n\nThe original code does not handle cases where the input list is empty or contains non-numeric values. The function also returns an integer value but the test case expects a tuple.\n\nCode",
  "num_iterations": 6,
  "error_msg": "Traceback (most recent call last):\n  File \"/home/runner/sandbox/temp_code.py\", line 36, in <module>\n    assert candidate([('Juan Whelan',90),('Sabah Colley',88),('Peter Nichols',7),('Juan Whelan',122),('Sabah Colley',84)])==('Juan Whelan', 212)\n           ^^^^^^^^^^^^^^^^^^^^^^^^^^^^^^^^^^^^^^^^^^^^^^^^^^^^^^^^^^^^^^^^^^^^^^^^^^^^^^^^^^^^^^^^^^^^^^^^^^^^^^^^^^^^^^^^^^^^^^^^^^^^^^^^^^^^^\nAssertionError\n\n",
  "success": false
}