{
  "task_id": 26,
  "code": "def candidate(lst, k):\n    \"\"\"\n    Check if all k unique elements are in the given tuple list.\n    \n    Args:\n        lst (list): List of tuples\n        k (int): Number of unique elements to check for\n    \n    Returns:\n        bool: True if all k unique elements exist in the list, False otherwise\n    \"\"\"\n    # Convert the list of tuples into a set of unique elements and remove duplicates\n    unique_elements = set(tuple(sorted(t)) for t in lst)\n    \n    # Check if there are at least k elements in the set\n    return len(unique_elements) >= k > 0",
  "explanation": "Explanation\n-----------\n\nThe code attempts to check if a given tuple list contains all k unique elements. However, the current implementation has two major flaws: it counts repeated tuples as separate elements and doesn't handle the case when k is zero or negative.\n\nCode\n----",
  "num_iterations": 6,
  "error_msg": "Traceback (most recent call last):\n  File \"/home/runner/sandbox/temp_code.py\", line 19, in <module>\n    assert candidate([(7, 7, 7), (7, 7)], 7) == True\n           ^^^^^^^^^^^^^^^^^^^^^^^^^^^^^^^^^^^^^^^^^\nAssertionError\n\n",
  "success": false
}