{
  "task_id": 801,
  "code": "def candidate(a, b, c):\n    # Count the frequency of each number and update a dictionary\n    freq = {}\n    for num in [a, b, c]:\n        if num not in freq:\n            freq[num] = 0\n        freq[num] += 1\n    \n    # Return the count of numbers that appear an even number of times\n    return sum(1 for value in freq.values() if value % 2 == 0)",
  "explanation": "**Explanation**\nThe code attempts to solve the problem by counting the frequency of each number and returning the count of numbers that appear an even number of times. However, this approach does not consider the fact that a single equal number should be counted only once. Additionally, the test case `assert candidate(1, 1, 1) == 3` fails because it returns 3 instead of 2.\n\n\n**python**",
  "num_iterations": 6,
  "error_msg": "Traceback (most recent call last):\n  File \"/home/runner/sandbox/temp_code.py\", line 12, in <module>\n    assert candidate(1,1,1) == 3\n           ^^^^^^^^^^^^^^^^^^^^^\nAssertionError\n\n",
  "success": false
}