{
  "task_id": 877,
  "code": "def candidate(s):\n    # Use Python's built-in sorting functionality to arrange characters in ascending order\n    return ''.join(sorted(s))",
  "explanation": "Explanation\n-----------\n\nThe code provided attempts to sort the characters of a string using Python's built-in sorting functionality. However, it does not define the function `candidate` which is required for the test case to work.\n\nCode",
  "num_iterations": 2,
  "error_msg": null,
  "success": true
}