{
  "task_id": 968,
  "code": "def candidate(f, max_val):\n    \"\"\"\n    Find the maximum possible value for a given periodic function.\n    \n    Args:\n        f (function): The periodic function to find the maximum of.\n        max_val (int or float): The maximum value that x can take in the periodic function.\n        \n    Returns:\n        int or float: The maximum possible output value of the periodic function.\n    \"\"\"\n    # Initialize max_output with negative infinity\n    max_output = float('-inf')\n    \n    # Iterate over all possible input values from -max_val to max_val\n    for x in range(-max_val, max_val + 1):\n        try:\n            output = f(x)  # Removed args[1] since it's not needed here\n        except TypeError:\n            continue\n        \n        # Update max_output if the current output is larger\n        max_output = max(max_output, output)\n    \n    return max_output\n\n# Test the function with a sample periodic function (x^2) and max_val=10\nprint(candidate(lambda x: x**2, 10))",
  "explanation": "**EXPLANATION**\nThe original code has a few issues. The `max` function is not being used correctly to generate the possible input values, and the error message indicates that the code is trying to access an index that doesn't exist in the `args` tuple. To fix this, we need to use a different approach to iterate over all possible input values for the periodic function.\n\n**python**",
  "num_iterations": 6,
  "error_msg": "Traceback (most recent call last):\n  File \"/home/runner/sandbox/temp_code.py\", line 30, in <module>\n    assert candidate(11,10,9) == 9\n           ~~~~~~~~~^^^^^^^^^\nTypeError: candidate() takes 2 positional arguments but 3 were given\n\n",
  "success": false
}