{
  "task_id": 912,
  "code": "import math\n\ndef candidate(number):\n    # Define a simple function to calculate ln(m lobb number)\n    def lobb_num(m, num):\n        return m + num\n    \n    # Calculate the result directly using mathematical properties\n    # Check if m is 1 to avoid division by zero error\n    m = 3  # assuming the base of the logarithm is 3\n    if m == 1:\n        raise ValueError(\"Base of the logarithm cannot be 1\")\n    \n    # Calculate ln(m lobb number) using algebraic manipulations\n    result = math.log(math.exp(number / (m - 1)))\n    return result",
  "explanation": "Explanation\n-----------\n\nThe original code attempts to find the natural logarithm of a number represented by \"m lobb number\". However, it introduces an undefined variable `m` and uses a function `lobb_num` which is also not defined. The main issue here is that the function name `candidate` does not match with the expected input format. \n\nThe corrected code refactors the `lobb_num` function to be part of the main `candidate` function, allowing for better encapsulation and organization.\n\nCode\n-----",
  "num_iterations": 6,
  "error_msg": "Traceback (most recent call last):\n  File \"/home/runner/sandbox/temp_code.py\", line 18, in <module>\n    assert candidate(lobb_num(5, 3)) == 35\n                     ^^^^^^^^\nNameError: name 'lobb_num' is not defined\n\n",
  "success": false
}