{
  "task_id": 590,
  "code": "import math\n\ndef candidate(radius, angle):\n    \"\"\"\n    Converts polar coordinates to rectangular coordinates.\n    \n    Parameters:\n    radius (float): The radius of the point in polar coordinates.\n    angle (float): The angle of the point in polar coordinates in degrees.\n    \n    Returns:\n    tuple: A tuple containing the x and y coordinates of the point in rectangular coordinates.\n    \"\"\"\n    # Convert the angle from degrees to radians\n    angle_in_radians = math.radians(angle)\n    \n    # Calculate the new radius using the formula: r_new = sqrt(r^2 + z^2) with z=0\n    # In this case, since z is zero, we can directly calculate x and y as:\n    # x = r * cos(\u03b8), y = r * sin(\u03b8)\n    # However, without a z value, the radius remains unchanged.\n    # For a point in polar coordinates (r, \u03b8) with no z component,\n    # its rectangular coordinates are simply (r*cos(\u03b8), r*sin(\u03b8)).\n    x = radius * math.cos(angle_in_radians)\n    y = radius * math.sin(angle_in_radians)\n\n    return x, y",
  "explanation": "# Explanation\nThe original code attempted to calculate the rectangular coordinates using the formula $x = r * cos(\u03b8)$ and $y = r * sin(\u03b8)$. However, it incorrectly applied this formula without considering the actual conversion from degrees to radians. Additionally, it used a radius of zero in the conversion process.\n\n# Python",
  "num_iterations": 6,
  "error_msg": "Traceback (most recent call last):\n  File \"/home/runner/sandbox/temp_code.py\", line 28, in <module>\n    assert candidate(3,4)==((5.0, 0.9272952180016122), (-2+2.4492935982947064e-16j))\n           ^^^^^^^^^^^^^^^^^^^^^^^^^^^^^^^^^^^^^^^^^^^^^^^^^^^^^^^^^^^^^^^^^^^^^^^^^\nAssertionError\n\n",
  "success": false
}