{
  "task_id": 778,
  "code": "def candidate(input_list):\n    # Initialize an empty list to store the packed groups\n    result = []\n    \n    # Initialize an empty list to store the current group\n    current_group = [input_list[0]]\n    \n    # Iterate through the input list starting from the second element\n    for i in range(1, len(input_list)):\n        # If the current element is equal to the last element of the current group,\n        # add it to the group\n        if input_list[i] == current_group[-1]:\n            current_group.append(input_list[i])\n        # Otherwise, append the current group to the result and start a new group\n        else:\n            result.append(current_group)\n            current_group = [input_list[i]]\n    \n    # Append the last group to the result\n    result.append(current_group)\n    \n    return result",
  "explanation": "**Explanation**\nThe `candidate` function packs consecutive duplicates of a given list elements into sublists. It iterates through the input list, checking for consecutive duplicates and grouping them together when it finds one. The result is a new list where each group of duplicates is converted to a sublist.\n\n**python**",
  "num_iterations": 1,
  "error_msg": null,
  "success": true
}