{
  "task_id": 36,
  "code": "def candidate(a, b, n):\n    # Calculate the GCD using the extended Euclidean algorithm\n    def extended_euclidean(x, y):\n        if y == 0:\n            return x, 1, 0\n        else:\n            gcd, x, y = extended_euclidean(y, x % y)\n            return gcd, y, x - y * (x // y)\n\n    # Calculate the GCD and convert it to a fraction\n    gcd, p, q = extended_euclidean(a, b)\n\n    if a / gcd != int(a / gcd):\n        raise ValueError(\"The numerator is not an integer.\")\n\n    r = a % gcd\n\n    # Convert the remainder to a string and find the nth digit\n    str_r = str(r)\n    n = len(str_r) + 1\n    while len(str_r) < n:\n        multiplier = b // gcd\n        next_multiple = (r * multiplier * 10 ** (n-2)) % (gcd)\n        r = next_multiple\n        if not str(next_multiple).isdigit():\n            raise ValueError(\"The calculated value is not a valid digit.\")\n\n    return int(str_r[n - 1])",
  "explanation": "Explanation\n-----------\n\nThe provided code is attempting to find the nth digit in the proper fraction of two given numbers. However, it contains an issue with its syntax and logic. The main problem lies in the way it calculates the remainder `r` and finds the nth digit.\n\nCode\n----",
  "num_iterations": 6,
  "error_msg": "Traceback (most recent call last):\n  File \"/home/runner/sandbox/temp_code.py\", line 30, in <module>\n    assert candidate(1,2,1) == 5\n           ~~~~~~~~~^^^^^^^\n  File \"/home/runner/sandbox/temp_code.py\", line 11, in candidate\n    gcd, p, q = extended_euclidean(a, b)\n                ~~~~~~~~~~~~~~~~~~^^^^^^\n  File \"/home/runner/sandbox/temp_code.py\", line 7, in extended_euclidean\n    gcd, x, y = extended_euclidean(y, x % y)\n                ~~~~~~~~~~~~~~~~~~^^^^^^^^^^\n  File \"/home/runner/sandbox/temp_code.py\", line 8, in extended_euclidean\n    return gcd, y, x - y * (x // y)\n                            ~~^^~~\nZeroDivisionError: integer division or modulo by zero\n\n",
  "success": false
}