{
  "task_id": 719,
  "code": "python\nimport re\n\ndef candidate(s):\n    # Use regular expression to match the pattern 'a' followed by zero or more 'b's\n    if re.match(r'^ab*', s):\n        return True  # Match found, return True\n    else:\n        print('Found no match')  # No match, print a message\n        return False  # Return False for no match",
  "explanation": "Explanation\n----------\n\nThe provided code attempts to match a string that starts with 'a' followed by zero or more 'b's using regular expressions. However, the function is not correctly named, which causes a `NameError` when trying to call it.\n\nTo fix this issue, we need to define a new function named `candidate`. The function should return a boolean value indicating whether a match was found or not. Since the test expects a specific string to be printed only if a match is found, we can use an `if-else` statement inside the function.\n\nCode",
  "num_iterations": 6,
  "error_msg": "Traceback (most recent call last):\n  File \"/home/runner/sandbox/temp_code.py\", line 1, in <module>\n    python\nNameError: name 'python' is not defined\n\n",
  "success": false
}