{
  "task_id": 163,
  "code": "import math\n\ndef candidate(n, s):\n    # Calculate the area using the formula (n * s^2) / (4 * tan(\u03c0/n))\n    area = (n * s**2) / (4 * math.tan(math.pi/n))\n    return area",
  "explanation": "**Explanation**\nThe `candidate` function calculates the area of a regular polygon using the formula `(n * s^2) / (4 * tan(\u03c0/n))`, where `n` is the number of sides and `s` is the length of one side. This approach uses trigonometry to calculate the area, which makes it efficient for large polygons. The function takes two arguments: `n` and `s`.\n\n**python**",
  "num_iterations": 1,
  "error_msg": null,
  "success": true
}