{
  "task_id": 522,
  "code": "def candidate(arr):\n    n = len(arr)\n    \n    # Initialize tables for non-decreasing and non-increasing subsequences\n    dp_non_decreasing = [0]*n\n    dp_non_increasing = [0]*n\n    \n    # Fill the tables\n    dp_non_decreasing[0] = arr[0]\n    for i in range(1, n):\n        dp_non_decreasing[i] = max(dp_non_decreasing[i-1], arr[i])\n    \n    dp_non_increasing[n-1] = arr[n-1]\n    for j in reversed(range(n-1)):\n        dp_non_increasing[j] = min(dp_non_increasing[j+1], arr[j])\n    \n    # The longest bitonic subsequence is the maximum value in the tables\n    max_length = 0\n    def find_max_length(i, j):\n        nonlocal max_length\n        if i > j:\n            return\n        length = dp_non_decreasing[i] + dp_non_increasing[j]\n        if length > max_length:\n            max_length = length\n    \n    for i in range(n):\n        for j in range(i+1):\n            find_max_length(i, j)\n    \n    # The longest bitonic subsequence is the maximum value times 2\n    return max_length * 2",
  "explanation": "Explanation\n==========\n\nThe code attempts to find the longest bitonic subsequence for a given array by first calculating the non-decreasing and non-increasing subsequences using dynamic programming tables. However, the approach is flawed as it doesn't correctly calculate the length of the longest bitonic subsequence.\n\nCode\n-----",
  "num_iterations": 6,
  "error_msg": "Traceback (most recent call last):\n  File \"/home/runner/sandbox/temp_code.py\", line 34, in <module>\n    assert candidate([0 , 8 , 4, 12, 2, 10 , 6 , 14 , 1 , 9 , 5 , 13, 3, 11 , 7 , 15]) == 7\n           ^^^^^^^^^^^^^^^^^^^^^^^^^^^^^^^^^^^^^^^^^^^^^^^^^^^^^^^^^^^^^^^^^^^^^^^^^^^^^^^^\nAssertionError\n\n",
  "success": false
}