{
  "task_id": 83,
  "code": "python\ndef candidate(s):\n    # Initialize sum variable to store the cumulative sum of characters\n    total_sum = 0\n\n    # Iterate over each character in the string\n    for char in s:\n        # Calculate the total number of characters in the string by adding the ASCII value of the current character\n        total_sum += ord(char)\n\n    # Convert the cumulative sum back to a character and return it as the final result\n    if total_sum == 0:\n        return 'a'  # handle zero length input\n    else:\n        return chr(total_sum)",
  "explanation": "Explanation\n----------\n\nThe original code attempts to calculate the character made by adding all the characters of the given string. However, it has a logical error in its implementation. The cumulative sum of ASCII values should be used to calculate the total number of characters, but the code is currently using only the ASCII value of each individual character. Additionally, the variable name 'result' is misleading as it's not storing the final result but rather building up an incorrect intermediate result.\n\nCode",
  "num_iterations": 6,
  "error_msg": "Traceback (most recent call last):\n  File \"/home/runner/sandbox/temp_code.py\", line 1, in <module>\n    python\nNameError: name 'python' is not defined\n\n",
  "success": false
}