{
  "task_id": 95,
  "code": "def candidate(iterable):\n    \"\"\"\n    Find the minimum length of sublist in an iterable.\n    \n    Args:\n        iterable (iterable): Input sequence.\n        \n    Returns:\n        int: Minimum length of any subsequence with no elements.\n    \"\"\"\n\n    # Initialize min_len as infinity\n    min_len = float('inf')\n\n    for length in range(1, len(iterable) + 1):\n        unique_elements = set()\n        for i in range(len(iterable) - length + 1):\n            subsequence_set = set(x for x in iterable[i:i+length] if isinstance(x, (list, tuple)) and not x in unique_elements)\n            if len(subsequence_set) == 0: \n                min_len = min(min_len, length)\n            else:\n                break\n        \n        if min_len != float('inf'):\n            break\n    \n    # Ensure min_len is non-negative\n    return max(0, min_len)",
  "explanation": "**Explanation**\nThe original code attempts to find the minimum length of a sublist by iterating over all possible subsequence lengths and checking for unique elements. However, this approach is incorrect because it incorrectly uses the `set` data structure with tuples that contain lists as elements, which are unhashable.\n\nA revised version of the function should check for unique elements in each subsequence by converting the list to a set before creating the tuple, but also handle the case where all elements in the iterable are the same.\n\n**python**",
  "num_iterations": 6,
  "error_msg": "Traceback (most recent call last):\n  File \"/home/runner/sandbox/temp_code.py\", line 30, in <module>\n    assert candidate([[1],[1,2]]) == 1\n           ~~~~~~~~~^^^^^^^^^^^^^\n  File \"/home/runner/sandbox/temp_code.py\", line 18, in candidate\n    subsequence_set = set(x for x in iterable[i:i+length] if isinstance(x, (list, tuple)) and not x in unique_elements)\n  File \"/home/runner/sandbox/temp_code.py\", line 18, in <genexpr>\n    subsequence_set = set(x for x in iterable[i:i+length] if isinstance(x, (list, tuple)) and not x in unique_elements)\n                                                                                                  ^^^^^^^^^^^^^^^^^^^^\nTypeError: unhashable type: 'list'\n\n",
  "success": false
}