{
  "task_id": 103,
  "code": "import math\n\ndef candidate(a, b):\n    # Function to calculate Eulerian numbers using the formula for e(2k+1)\n    def euler_number(k, n=b):\n        if k == 0:\n            return 1\n        else:\n            # Calculate Eulerian number e(2k+1) using the correct formula\n            result = ((n-1) * (math.factorial(k) // math.factorial(k-1))) + ((math.factorial(n-k) // math.factorial(k)) - euler_number(k-1, n-b))\n            return result\n\n    # Calculate Eulerian numbers using the formula for e(2k+1)\n    result = 0\n    for k in range(a):\n        if math.gcd(euler_number(k), b) == 1:\n            result += euler_number(k)\n\n    return result",
  "explanation": "**Explanation**\nThe code attempts to calculate Eulerian numbers using the formula for e(2k+1), but it has an incorrect approach. The `euler_function` function is not used correctly, and the loop iterates over a range that may include non-Eulerian values.\n\n**python**",
  "num_iterations": 6,
  "error_msg": "Traceback (most recent call last):\n  File \"/home/runner/sandbox/temp_code.py\", line 21, in <module>\n    assert candidate(3, 1) == 4\n           ~~~~~~~~~^^^^^^\n  File \"/home/runner/sandbox/temp_code.py\", line 16, in candidate\n    if math.gcd(euler_number(k), b) == 1:\n                ~~~~~~~~~~~~^^^\n  File \"/home/runner/sandbox/temp_code.py\", line 10, in euler_number\n    result = ((n-1) * (math.factorial(k) // math.factorial(k-1))) + ((math.factorial(n-k) // math.factorial(k)) - euler_number(k-1, n-b))\n                                                                      ~~~~~~~~~~~~~~^^^^^\nValueError: factorial() not defined for negative values\n\n",
  "success": false
}