{
  "task_id": 114,
  "code": "def candidate(tuple_list):\n    # Initialize an empty dictionary to store the frequency of tuples\n    freq_dict = {}\n\n    # Iterate over each tuple in the input list\n    for tup in tuple_list:\n        # Filter out empty tuples and convert the remaining values to a frozenset\n        key = frozenset(tup) if tup else None\n        if key is not None:  # Only process non-empty tuples\n            try:\n                # Check if the tuple already exists in the dictionary\n                if key in freq_dict:\n                    # If it exists, increment its count by 1\n                    freq_dict[key] += 1\n                else:\n                    # If it does not exist, add it with a count of 1\n                    freq_dict[key] = 1\n            except TypeError as e:\n                raise ValueError(f\"Invalid input: {e}\")\n\n    # Return the list of tuples with their frequencies\n    return [(tup, freq) for tup, freq in freq_dict.items()]",
  "explanation": "Explanation\n-----------\n\nThe original code attempts to count the frequency of each tuple in a given list. However, it fails when encountering tuples with missing values (i.e., empty values), which cannot be hashed and therefore cannot be used as dictionary keys. The corrected code now handles this by ignoring empty tuples before counting their frequencies.\n\nPython",
  "num_iterations": 6,
  "error_msg": "Traceback (most recent call last):\n  File \"/home/runner/sandbox/temp_code.py\", line 24, in <module>\n    assert candidate([(6, 5, 8), (2, 7), (6, 5, 8), (6, 5, 8), (9, ), (2, 7)] ) == '[(6, 5, 8, 3), (2, 7, 2), (9, 1)]'\n           ^^^^^^^^^^^^^^^^^^^^^^^^^^^^^^^^^^^^^^^^^^^^^^^^^^^^^^^^^^^^^^^^^^^^^^^^^^^^^^^^^^^^^^^^^^^^^^^^^^^^^^^^^^^\nAssertionError\n\n",
  "success": false
}