{
  "task_id": 236,
  "code": "def candidate(side_length):\n    \"\"\"\n    Calculate the maximum number of equilateral triangles that can fit inside a given equilateral triangle.\n    \n    Parameters:\n    side_length (float): The length of the side of the equilateral triangle.\n    \n    Returns:\n    int: The maximum number of equilateral triangles that can be formed within the larger triangle.\n    \"\"\"\n    # Calculate the area of the large equilateral triangle\n    import math\n    \n    count_small_triangles = 0\n    \n    # Divide the side length by possible segment sizes\n    for i in range(1, int(side_length)):\n        if (side_length // i) * (math.sqrt(3) / 4) <= (math.sqrt(3) / 4) * side_length ** 2:\n            count_small_triangles += 1\n    \n    return count_small_triangles",
  "explanation": "**Explanation**\nThe original code had a logic error and also passed the wrong number of arguments to the function. It was attempting to calculate the maximum number of equilateral triangles that can be formed within a given equilateral triangle by checking all possible segment sizes that can divide the larger triangle into smaller ones, but it did so incorrectly.\n\n**python**",
  "num_iterations": 6,
  "error_msg": "Traceback (most recent call last):\n  File \"/home/runner/sandbox/temp_code.py\", line 23, in <module>\n    assert candidate(4,2) == 7\n           ~~~~~~~~~^^^^^\nTypeError: candidate() takes 1 positional argument but 2 were given\n\n",
  "success": false
}