{
  "task_id": 129,
  "code": "# python\ndef candidate(n):\n    def is_magic_square(grid):\n        n = len(grid)\n        expected_sum = sum(grid[0])\n        \n        # Check rows and columns\n        for i in range(n):\n            row_sum = sum(grid[i])\n            col_sum = sum([grid[j][i] for j in range(n)])\n            \n            if row_sum != expected_sum or col_sum != expected_sum:\n                return False\n        \n        # Check diagonals\n        diagonal1_sum = sum([grid[i][i] for i in range(n)])\n        diagonal2_sum = sum([grid[i][n-i-1] for i in range(n)])\n        \n        if diagonal1_sum != expected_sum or diagonal2_sum != expected_sum:\n            return False\n        \n        # Check if numbers are from 1 to n^2\n        num_set = set()\n        for row in grid:\n            for num in row:\n                if num not in range(1, n*n + 1):\n                    return False\n                num_set.add(num)\n        \n        return len(num_set) == n * n\n    \n    def generate_magic_squares(n):\n        magic_squares = []\n        \n        # Create a new list with zeros\n        nums = [0]*n*n\n        \n        def backtrack(row=0, col=0):\n            if row == n:\n                result = [nums[i*n+j] for i in range(n) for j in range(n)]\n                magic_squares.append(result)\n                return\n            \n            num_to_place = (row * n) + col\n            if num_to_place not in nums and nums.count(0) < n:\n                nums[col] = num_to_place\n                backtrack(row, col + 1)\n                nums[col] = 0\n        \n        # Create a list of possible positions to fill\n        for i in range(n):\n            for j in range(i, n*i):\n                nums[i * n + j] = (i*j) + 1\n                backtrack(0, 0)\n                nums[i * n + j] = 0\n        \n        return magic_squares\n    \n    squares = generate_magic_squares(n)\n    for square in squares:\n        if not is_magic_square(square):\n            raise ValueError(f\"Invalid magic square: {square}\")\n    \n    # Calculate and check the sum of each row, column, and diagonal\n    expected_row_sum = (n*n + n*(n*(n-1))//2)//2  # corrected formula for expected sum\n    \n    return True",
  "explanation": "Explanation\n-----------\n\nThe code has a logical error in the `generate_magic_squares` function. The issue arises when trying to calculate the column sum, where the multiplication is being performed with a list (`[square[j // n][i % n] * n + j for j in range(n*i, n*(i+1))]`). This should be done element-wise instead.",
  "num_iterations": 6,
  "error_msg": "Traceback (most recent call last):\n  File \"/home/runner/sandbox/temp_code.py\", line 69, in <module>\n    assert candidate([[7, 12, 1, 14], [2, 13, 8, 11], [16, 3, 10, 5], [9, 6, 15, 4]])==True\n           ~~~~~~~~~^^^^^^^^^^^^^^^^^^^^^^^^^^^^^^^^^^^^^^^^^^^^^^^^^^^^^^^^^^^^^^^^^\n  File \"/home/runner/sandbox/temp_code.py\", line 59, in candidate\n    squares = generate_magic_squares(n)\n  File \"/home/runner/sandbox/temp_code.py\", line 36, in generate_magic_squares\n    nums = [0]*n*n\n           ~~~^~\nTypeError: can't multiply sequence by non-int of type 'list'\n\n",
  "success": false
}