{
  "task_id": 159,
  "code": "python\ndef candidate(month, day):\n    # Define a dictionary to map months to their corresponding day ranges for winter, spring, summer, and autumn\n    month_ranges = {\n        'January': (1, 31),\n        'February': (2, 28),  \n        'March': (3, 20),  # Spring\n        'April': (4, 30),\n        'May': (5, 31),\n        'June': (6, 30),\n        'July': (7, 31),\n        'August': (8, 31),\n        'September': (9, 30),\n        'October': (10, 31),\n        'November': (11, 30),\n        'December': (12, 31)\n    }\n\n    # Check if the input values are valid integers\n    if not isinstance(month, int) or not isinstance(day, int):\n        return \"Invalid input: month and day must be integers\"\n\n    # Check if the inputs fall within the correct ranges for each season\n    start_day = month_ranges[month][0]\n    end_day = month_ranges[month][1]\n\n    # Check if the month is winter\n    if month in ['December', 'January', 'February']:\n        return \"Winter\"\n    # Check if the month is spring or autumn\n    elif (month in ['March', 'April'] and day >= start_day) or (month in ['September', 'October'] and day <= end_day):\n        return \"Spring\" if month in ['March', 'April'] else \"Autumn\"\n    # If none of the above conditions are met, it must be summer\n    else:\n        return \"Summer\"",
  "explanation": "Explanation\n-----------\n\nThe code provided attempts to determine the season based on a given month and day. However, there are several issues with the code. The main problem is that the code does not check if the input values (month and day) are valid integers or if they fall within the correct ranges for each season.\n\nThe function uses a dictionary to map months to their corresponding day ranges, but it does not validate the inputs before using them. This can lead to errors if the user provides invalid input.\n\nCode",
  "num_iterations": 6,
  "error_msg": "Traceback (most recent call last):\n  File \"/home/runner/sandbox/temp_code.py\", line 1, in <module>\n    python\nNameError: name 'python' is not defined\n\n",
  "success": false
}