{
  "task_id": 569,
  "code": "# Define the candidate function\ndef candidate(lst):\n    # Use list comprehension to sort each sublist in-place, \n    # since we can't modify the original list\n    return [sorted(sublist) for sublist in lst]",
  "explanation": "Explanation\n------------\n\nThis function takes a list of lists as input and returns a new list with sublists sorted lexicographically. It uses Python's built-in `sorted` function to achieve this.",
  "num_iterations": 1,
  "error_msg": null,
  "success": true
}