{
  "task_id": 888,
  "code": "def candidate(nested_tuples):\n    # Initialize an empty list to store the results\n    results = []\n\n    # Iterate over each nested tuple\n    for subtuple in nested_tuples:\n        # Calculate the difference between the first element of this nested tuple and 0\n        if isinstance(subtuple[0], (list, tuple)):\n            diff_from_zero = tuple(a - b for a, b in zip(subtuple, [0]*len(subtuple)))\n        else:\n            diff_from_zero = (subtuple[0] - 0,)\n        \n        # Append the result as a tuple to the list\n        results.append((diff_from_zero,) + subtuple[1:])\n\n    # Return a single tuple containing all the results\n    return tuple(results)",
  "explanation": "Explanation\n-----------\n\nThe code provided attempts to subtract the elements of nested tuples. However, it incorrectly handles non-tuple elements when calculating the difference from zero. The code also has a syntax error in the zip function where it is trying to iterate over the subtuple twice at once.\n\nCode\n-----",
  "num_iterations": 6,
  "error_msg": "Traceback (most recent call last):\n  File \"/home/runner/sandbox/temp_code.py\", line 19, in <module>\n    assert candidate(((1, 3), (4, 5), (2, 9), (1, 10)), ((6, 7), (3, 9), (1, 1), (7, 3))) == ((-5, -4), (1, -4), (1, 8), (-6, 7))\n           ~~~~~~~~~^^^^^^^^^^^^^^^^^^^^^^^^^^^^^^^^^^^^^^^^^^^^^^^^^^^^^^^^^^^^^^^^^^^^^\nTypeError: candidate() takes 1 positional argument but 2 were given\n\n",
  "success": false
}