{
  "task_id": 363,
  "code": "def candidate(t, k):\n    # Check if k is provided and it's a positive integer\n    if not isinstance(k, int) or k <= 0:\n        raise ValueError(\"k must be a positive integer\")\n\n    def update_tuple(subtuple):\n        return tuple(element + k for element in subtuple)\n\n    result = []\n    for subtuple in t:\n        # Check if subtuple is a list before attempting to add to it\n        if isinstance(subtuple, list):\n            new_subtuple = update_tuple(subtuple)\n        else:\n            raise ValueError(\"Tuple must only contain immutable types\")\n        result.append(new_subtuple)\n\n    return result",
  "explanation": "Explanation\n-----------\n\nThe code provided attempts to add `k` to each element in a tuple. However, it has two issues - the function is not properly checking if the input tuple contains lists or other mutable types, which could lead to unexpected behavior when trying to perform arithmetic operations on them. Additionally, the error message indicates that Python is being treated as a string, rather than a function.\n\nCode\n----",
  "num_iterations": 6,
  "error_msg": "Traceback (most recent call last):\n  File \"/home/runner/sandbox/temp_code.py\", line 20, in <module>\n    assert candidate([(1, 3, 4), (2, 4, 6), (3, 8, 1)], 4) == [(5, 7, 8), (6, 8, 10), (7, 12, 5)]\n           ~~~~~~~~~^^^^^^^^^^^^^^^^^^^^^^^^^^^^^^^^^^^^^^\n  File \"/home/runner/sandbox/temp_code.py\", line 15, in candidate\n    raise ValueError(\"Tuple must only contain immutable types\")\nValueError: Tuple must only contain immutable types\n\n",
  "success": false
}