{
  "task_id": 580,
  "code": "def candidate(nested_tuple):\n    \"\"\"\n    Extracts all even integers from a nested mixed tuple.\n    \n    Args:\n        nested_tuple: A nested mixed tuple containing integers and/or tuples.\n    \n    Returns:\n        A flattened list of even integers from the input tuple, or None if no such elements exist.\n    \"\"\"\n\n    def flatten(nested_tuple):\n        \"\"\"\n        Recursively flattens a nested tuple into a single list.\n        \n        Args:\n            nested_tuple: A nested mixed tuple containing integers and/or tuples.\n        \n        Returns:\n            A flattened list of elements from the input tuple.\n        \"\"\"\n        if not isinstance(nested_tuple, (int, tuple)):\n            return [nested_tuple]\n        else:\n            return [element for element in nested_tuple if isinstance(element, int)] + \\\n                   flatten(tuple(filter(lambda x: isinstance(x, (int, tuple)), nested_tuple)))  # recursively call with filtered sub-tuples\n\n    flattened_elements = flatten(nested_tuple)\n    even_elements = [element for element in flattened_elements if isinstance(element, int) and element % 2 == 0]\n    return even_elements if even_elements else None",
  "explanation": "**Explanation**\nThe code generated by the user attempts to recursively flatten a nested tuple and then extract even integers from it. However, the recursive call in the `flatten` function leads to infinite recursion because it does not properly handle the case where an element is both an integer and a tuple.\n\n**python**",
  "num_iterations": 6,
  "error_msg": "Traceback (most recent call last):\n  File \"/home/runner/sandbox/temp_code.py\", line 32, in <module>\n    assert candidate((4, 5, (7, 6, (2, 4)), 6, 8)) == (4, (6, (2, 4)), 6, 8)\n           ~~~~~~~~~^^^^^^^^^^^^^^^^^^^^^^^^^^^^^^\n  File \"/home/runner/sandbox/temp_code.py\", line 28, in candidate\n    flattened_elements = flatten(nested_tuple)\n  File \"/home/runner/sandbox/temp_code.py\", line 26, in flatten\n    flatten(tuple(filter(lambda x: isinstance(x, (int, tuple)), nested_tuple)))  # recursively call with filtered sub-tuples\n    ~~~~~~~^^^^^^^^^^^^^^^^^^^^^^^^^^^^^^^^^^^^^^^^^^^^^^^^^^^^^^^^^^^^^^^^^^^^\n  File \"/home/runner/sandbox/temp_code.py\", line 26, in flatten\n    flatten(tuple(filter(lambda x: isinstance(x, (int, tuple)), nested_tuple)))  # recursively call with filtered sub-tuples\n    ~~~~~~~^^^^^^^^^^^^^^^^^^^^^^^^^^^^^^^^^^^^^^^^^^^^^^^^^^^^^^^^^^^^^^^^^^^^\n  File \"/home/runner/sandbox/temp_code.py\", line 26, in flatten\n    flatten(tuple(filter(lambda x: isinstance(x, (int, tuple)), nested_tuple)))  # recursively call with filtered sub-tuples\n    ~~~~~~~^^^^^^^^^^^^^^^^^^^^^^^^^^^^^^^^^^^^^^^^^^^^^^^^^^^^^^^^^^^^^^^^^^^^\n  [Previous line repeated 995 more times]\nRecursionError: maximum recursion depth exceeded\n\n",
  "success": false
}