{
  "task_id": 348,
  "code": "def candidate(length, values):\n    \"\"\"\n    Count sequences of given length having non-negative prefix sums that can be generated by given values.\n    \n    Args:\n        length (int): Length of the sequence.\n        values (list): Values to generate prefixes from.\n        \n    Returns:\n        int: Number of sequences with non-negative prefix sums.\n    \"\"\"\n    # Handle edge cases\n    if not values or length == 0:\n        return 0\n    \n    # Check for valid input arguments\n    if len(values) != length:\n        raise ValueError(\"Values list should have the same length as sequence length\")\n    \n    # Initialize dp array with zeros\n    dp = [[0] * (sum(values) + 1) for _ in range(length + 1)]\n    \n    # Base case: one sequence of length 0 with sum 0\n    dp[0][0] = 1\n    \n    # Iterate over each possible prefix sum\n    for i in range(1, length + 1):\n        current_sum = values[i-1]\n        \n        # Handle the last value to avoid IndexError\n        if i == len(values) - 1:\n            break\n        \n        for j in range(current_sum, sum(values) + 1):\n            # Update table based on whether current sum can be reached from previous sums\n            dp[i][j] = dp[i-1][j]\n            \n            if j >= current_sum:\n                dp[i][j] += dp[i-1][j - current_sum]\n    \n    # Return the count of sequences with non-negative prefix sums\n    return dp[length][sum(values)]",
  "explanation": "**Explanation**\nThe original code contains a bug where the function `candidate` is expecting two positional arguments `length` and `values`, but in the test case, only one argument `length` is provided. To fix this issue, we need to add the missing argument `values` to the function definition.\n\n**python**",
  "num_iterations": 6,
  "error_msg": "Traceback (most recent call last):\n  File \"/home/runner/sandbox/temp_code.py\", line 44, in <module>\n    assert candidate(4) == 2\n           ~~~~~~~~~^^^\nTypeError: candidate() missing 1 required positional argument: 'values'\n\n",
  "success": false
}