{
  "task_id": 477,
  "code": "def candidate(s):\n    # Convert the input string to lowercase using the lower() method\n    return s.lower()",
  "explanation": "**Explanation**\nThis function uses Python's built-in `lower()` method to convert all characters in a string to lowercase. The approach is simple and straightforward, with no loops or conditional statements required. This makes it efficient and easy to understand.\n\n**python**",
  "num_iterations": 1,
  "error_msg": null,
  "success": true
}