{
  "task_id": 139,
  "code": "import math\n\ndef candidate(radius):\n    # Check if radius is negative or zero and return 0\n    if radius < 0:\n        return 0\n    \n    # Calculate the circumference using the formula C = 2\u03c0r with \u03c0 as a constant\n    circumference = 2 * math.pi * radius\n    \n    # Return the calculated circumference as a float\n    return circumference",
  "explanation": "**Explanation**\nThe original code is almost correct but has a precision issue due to the use of `round()` with a fixed decimal place. This can lead to incorrect results for certain inputs. To fix this, we can simply remove the `round()` function and return the calculated circumference as a floating-point number.\n\n**python**",
  "num_iterations": 6,
  "error_msg": "Traceback (most recent call last):\n  File \"/home/runner/sandbox/temp_code.py\", line 14, in <module>\n    assert candidate(10)==62.830000000000005\n           ^^^^^^^^^^^^^^^^^^^^^^^^^^^^^^^^^\nAssertionError\n\n",
  "success": false
}