{
  "task_id": 817,
  "code": "def candidate(numbers, m, n):\n    # Use list comprehension to filter the list\n    return [x for x in numbers if x % m == 0 or x % n == 0]",
  "explanation": "Explanation\n-----------\n\nThe original code attempts to use a lambda function with the filter() method to find numbers divisible by either m or n from a list of numbers. However, the error message indicates that the variable 'm' and 'n' are being treated as part of the string 'python', which is causing the NameError.\n\nCode\n-----",
  "num_iterations": 4,
  "error_msg": null,
  "success": true
}