{
  "task_id": 256,
  "code": "def candidate(n):\n    # Initialize count of primes\n    count = 0\n\n    # Iterate over numbers from 2 to n-1, check if each is prime\n    for num in range(2, n):  \n        # Assume number is prime until proven otherwise\n        is_prime = True\n        \n        # Check divisibility up to the square root of num\n        for i in range(2, int(num ** 0.5) + 1):\n            if num % i == 0:\n                # If divisible by any number, it's not a prime\n                is_prime = False\n                break\n        \n        # Increment count if num is prime\n        if is_prime:\n            count += 1\n\n    return count",
  "explanation": "Explanation\n-----------\n\nThe original code attempts to count the number of prime numbers less than a given non-negative number. However, it incorrectly assumes that all odd numbers are prime and excludes the even prime number 2. The test case provided reveals that the function is not correctly identifying prime numbers.\n\nCode\n----",
  "num_iterations": 3,
  "error_msg": null,
  "success": true
}