{
  "task_id": 210,
  "code": "import re\n\ndef candidate(s):\n    # Define the regex pattern to match both lowercase and uppercase letters and digits\n    pattern = r'^[a-zA-Z0-9]+$'\n    \n    # Apply the pattern to the input string\n    return bool(re.match(pattern, s))",
  "explanation": "**EXPLANATION**\nThe generated code attempts to use a regex pattern to match only lowercase letters and digits. However, it does not account for the case where the input string contains uppercase letters. The test case `assert candidate(\"ABCDEFabcdef123450\") == True` fails because the function returns False due to the presence of uppercase letter 'E' and 'F'. To fix this, we need to modify the regex pattern to also match uppercase letters.\n\n**python**",
  "num_iterations": 2,
  "error_msg": null,
  "success": true
}