{
  "task_id": 142,
  "code": "def candidate(a, b, c):\n    # Convert lists to sets for efficient lookups\n    set_a = set(a)\n    set_b = set(b)\n    set_c = set(c)\n\n    # Use a single loop to find common pairs between all three sets\n    count = 0\n    for elem in set_a:\n        if elem in (set_b | set_c): \n            # Check if the element appears twice in the intersection of b and c\n            if elem * 2 in set_b & set_c: \n                count += 1\n\n    return count",
  "explanation": "Explanation\n----------\n\nThe provided code attempts to count the same pair in three given lists. However, it contains a logical error in its inner loop condition. The corrected version should check if each element appears at least twice in the intersection of two sets before incrementing the count.\n\npython",
  "num_iterations": 6,
  "error_msg": "Traceback (most recent call last):\n  File \"/home/runner/sandbox/temp_code.py\", line 17, in <module>\n    assert candidate([1,2,3,4,5,6,7,8],[2,2,3,1,2,6,7,9],[2,1,3,1,2,6,7,9])==3\n           ^^^^^^^^^^^^^^^^^^^^^^^^^^^^^^^^^^^^^^^^^^^^^^^^^^^^^^^^^^^^^^^^^^^\nAssertionError\n\n",
  "success": false
}