{
  "task_id": 734,
  "code": "def candidate(nums, k):\n    \"\"\"\n    Calculate the sum of products of all possible subarrays.\n\n    Args:\n        nums (list): The input list of numbers.\n        k (int): The target length of subarrays.\n\n    Returns:\n        int: The sum of products of all possible subarrays.\n    \"\"\"\n\n    # Handle edge cases\n    if k == 0 or not nums:\n        return 0\n\n    # Calculate the cumulative product\n    cum_prod = [1] * (len(nums) + 1)\n    for i in range(1, len(nums) + 1):\n        cum_prod[i] = cum_prod[i - 1] * nums[i - 1]\n\n    # Initialize a variable to store the total sum of products\n    total_sum = 0\n\n    # Iterate through the array and calculate the sum of products\n    for i in range(len(nums) - k + 1):\n        # Calculate the product of the current subarray\n        prod = cum_prod[i + k] // cum_prod[i]\n        # Add the product to the total sum\n        total_sum += prod\n\n    return total_sum",
  "explanation": "**EXPLANATION**\nThe provided code calculates the sum of products of all possible subarrays using dynamic programming. However, there are some issues with the implementation that need to be addressed, such as handling large numbers and edge cases correctly.\n\n**python**",
  "num_iterations": 6,
  "error_msg": "Traceback (most recent call last):\n  File \"/home/runner/sandbox/temp_code.py\", line 34, in <module>\n    assert candidate([1,2,3],3) == 20\n           ^^^^^^^^^^^^^^^^^^^^^^^^^^\nAssertionError\n\n",
  "success": false
}