{
  "task_id": 962,
  "code": "def candidate(l, r):\n    # Initialize sum variable to 0\n    total_sum = 0\n    \n    # Loop through each number in the range from l to r (inclusive)\n    for num in range(l, r + 1):\n        # Check if the number is even\n        if num % 2 == 0:\n            # Add the number to the sum\n            total_sum += num\n            \n    # Return the calculated sum\n    return total_sum",
  "explanation": "**Explanation**\nThis function calculates the sum of all even natural numbers between two given integers `l` and `r`. It uses a simple loop to iterate over each number in the range, checks if it's even, and adds it to the sum. The result is then returned as an integer.\n\n**python**",
  "num_iterations": 1,
  "error_msg": null,
  "success": true
}