{
  "task_id": 718,
  "code": "def candidate(input_list):\n    # Check if the input list has less than 2 elements\n    if len(input_list) < 2:\n        return []\n    \n    # Use list slicing to get alternate elements\n    return [input_list[i] for i in range(0, len(input_list), 2)]",
  "explanation": "**Explanation**\nThe provided function uses Python's list slicing feature to extract alternate elements from a given list. The approach is simple and efficient, with a time complexity of O(n), where n is the length of the input list. This function assumes that the input list has an odd number of elements if it has an even number of elements, the last element will be repeated.\n\n**python**",
  "num_iterations": 1,
  "error_msg": null,
  "success": true
}