{
  "task_id": 923,
  "code": "def candidate(str1, str2):\n    # Initialize a 2D array for dynamic programming\n    dp = [[0] * (len(str2) + 1) for _ in range(len(str1) + 1)]\n    \n    # Fill the 2D array with lengths of common subsequences\n    for i in range(1, len(str1) + 1):\n        for j in range(1, len(str2) + 1):\n            if str1[i - 1] == str2[j - 1]:\n                dp[i][j] = dp[i - 1][j - 1] + 1\n            else:\n                dp[i][j] = max(dp[i - 1][j], dp[i][j - 1])\n    \n    # Calculate the length of the shortest string with both subsequences\n    return dp[-1][-1]",
  "explanation": "Explanation\n-----------\n\nThe code generated uses dynamic programming to find the length of the shortest string that has both str1 and str2 as subsequences. However, the function is currently defined with only two parameters, which causes a TypeError when called with more than two arguments.\n\nCode\n-----",
  "num_iterations": 6,
  "error_msg": "Traceback (most recent call last):\n  File \"/home/runner/sandbox/temp_code.py\", line 16, in <module>\n    assert candidate(\"AGGTAB\", \"GXTXAYB\", 6, 7) == 9\n           ~~~~~~~~~^^^^^^^^^^^^^^^^^^^^^^^^^^^\nTypeError: candidate() takes 2 positional arguments but 4 were given\n\n",
  "success": false
}