{
  "task_id": 446,
  "code": "def candidate(lst, tup):\n    # Initialize a dictionary with elements as keys and counts as values\n    counts = {}\n    \n    # Iterate over each element in the list\n    for elem in lst:\n        # Increment its count if it exists in the tuple or is 'None'\n        counts[elem] = counts.get(elem, 0) + 1\n    \n    # Return all elements with their respective counts\n    return {k: v for k, v in counts.items()}",
  "explanation": "**Explanation**\nThe generated code attempts to count the occurrences of elements in a list within a tuple. However, it fails because it only checks if each element exists in the tuple or is 'None', but does not account for cases where an element appears more than once in the list itself.\n\n**python**",
  "num_iterations": 6,
  "error_msg": "Traceback (most recent call last):\n  File \"/home/runner/sandbox/temp_code.py\", line 13, in <module>\n    assert candidate(('a', 'a', 'c', 'b', 'd'),['a', 'b'] ) == 3\n           ^^^^^^^^^^^^^^^^^^^^^^^^^^^^^^^^^^^^^^^^^^^^^^^^^^^^^\nAssertionError\n\n",
  "success": false
}