{
  "task_id": 113,
  "code": "def candidate(s):\n    # Try to convert the string into an integer\n    try:\n        int(s)\n        return True  # Conversion was successful\n    except ValueError:\n        return False  # Conversion failed, so not an integer",
  "explanation": "**Explanation**\nThis function checks if a given string can be converted into an integer. It uses Python's built-in `int()` function, which raises a ValueError if the input cannot be converted into an integer. The function returns True if the conversion is successful and False otherwise.\n\n**python**",
  "num_iterations": 1,
  "error_msg": null,
  "success": true
}