{
  "task_id": 620,
  "code": "def candidate(nums, target):\n    # Sort the list of numbers in ascending order\n    nums.sort()\n\n    def max_sum_pairs(nums, target):\n        pair_sum = 0\n        left, right = 0, len(nums) - 1\n        while left < right:\n            if nums[left] + nums[right] >= target:\n                pair_sum += nums[left] + nums[right]\n                left += 1\n                right -= 1\n            elif nums[left] + nums[right] < target:\n                left += 1\n            else:\n                right -= 1\n        return pair_sum\n\n    # Initialize variables to store the maximum sum of pairs and the current pair sum\n    max_sum = 0\n\n    # Iterate over the sorted list to find pairs that are divisible\n    for i in range(len(nums)):\n        if i < len(nums) - 1:\n            # If it's not the last element, check if the current number and the next one are divisible\n            sum_of_pairs = max_sum_pairs(nums[i+1:], target)\n            pair_sum = nums[i] + sum_of_pairs\n            max_sum = max(max_sum, pair_sum)\n\n    # Return the maximum sum of pairs\n    return max_sum",
  "explanation": "Explanation\n-----------\n\nThe code provided has several issues. The main problem lies in the way it calculates the sum of pairs that can be formed from the remaining numbers after removing one number at a time. This calculation is incorrect because it only adds one of the numbers, instead of the total possible pair, to `pair_sum`.\n\nTo fix this issue, we need to find all the pairs of numbers that are divisible by our target and sum them up.\n\nThe code should be modified to correctly calculate the maximum sum of pairs.\n\npython",
  "num_iterations": 6,
  "error_msg": "Traceback (most recent call last):\n  File \"/home/runner/sandbox/temp_code.py\", line 33, in <module>\n    assert candidate([ 1, 3, 6, 13, 17, 18 ], 6) == 4\n           ^^^^^^^^^^^^^^^^^^^^^^^^^^^^^^^^^^^^^^^^^^\nAssertionError\n\n",
  "success": false
}