{
  "task_id": 837,
  "code": "def candidate(n):\n    # Initialize cube sum to 0\n    cube_sum = 0\n    \n    # Iterate over the first n odd natural numbers\n    for i in range(1, n * 2, 2):  # Adjusted the stop value to n * 2\n        # Calculate the cube of the current number and add it to cube sum\n        cube_sum += i ** 3\n    \n    # Return the cube sum\n    return cube_sum",
  "explanation": "Explanation\n-----------\n\nThe generated code attempts to calculate the cube sum of the first n odd natural numbers. However, it has an issue with the range function. The range function in Python generates numbers up to but not including the stop value. Therefore, when n is even, the loop will skip the last odd number.\n\nCode",
  "num_iterations": 2,
  "error_msg": null,
  "success": true
}