{
  "task_id": 682,
  "code": "def candidate(list1, list2):\n    # Use list comprehension to multiply elements from both lists\n    return [x * y for x, y in zip(list1, list2)]",
  "explanation": "Explanation\n-----------\n\nThe original code attempts to multiply two lists using list comprehension and the `zip` function. However, the issue lies in the fact that the code is trying to execute a block of code labeled as `'python'`, which is not a valid Python function. Instead, it should define a single function named `candidate`. Additionally, the error message suggests that the variable name 'list1' and 'list2' are being used outside their scope.\n\nCode\n-----",
  "num_iterations": 4,
  "error_msg": null,
  "success": true
}