{
  "task_id": 661,
  "code": "def candidate(nums, n):\n    # Initialize dp arrays with length equal to n\n    dp = [0] * n\n    \n    # Base case: maximum sum for 1 element is the element itself\n    for i in range(n):\n        dp[i] = nums[i]\n    \n    # Fill up dp array using bottom-up dynamic programming\n    for i in range(2, n):\n        max_val = float('-inf')\n        for j in range(i-2):\n            if nums[j] != nums[j+1] + nums[j+2]:\n                max_val = max(max_val, dp[j])\n        dp[i] = max(dp[i-1], max_val) + nums[i]\n    \n    # Return the maximum sum\n    return dp[-1]",
  "explanation": "**Explanation**\nThe original code has a logical error. It tries to iterate over the array with two nested loops, which is inefficient and not necessary. The function `candidate` should take two parameters, the input list of numbers and the length of the subarray. We need to use dynamic programming to solve this problem.\n\n**python**",
  "num_iterations": 6,
  "error_msg": "Traceback (most recent call last):\n  File \"/home/runner/sandbox/temp_code.py\", line 21, in <module>\n    assert candidate([3000, 2000, 1000, 3, 10], 5) == 5013\n           ^^^^^^^^^^^^^^^^^^^^^^^^^^^^^^^^^^^^^^^^^^^^^^^\nAssertionError\n\n",
  "success": false
}