{
  "task_id": 201,
  "code": "def candidate(lst):\n    # Check if the list is empty\n    if not lst:\n        return True\n    \n    # Initialize a variable to store the first element of the list\n    first_element = lst[0]\n    \n    # Iterate over each element in the list, starting from the second one\n    for element in lst[1:]:\n        # If an element does not match the first one, return False\n        if element != first_element:\n            return False\n    \n    # If we have checked all elements and haven't returned False, return True\n    return True",
  "explanation": "**Explanation**\nThe provided Python function checks if all elements in a given list are the same. It uses a simple approach by comparing each element with the first one, and returns `True` if they match, and `False` otherwise. This function assumes that the input list contains only hashable elements.\n\n**python**",
  "num_iterations": 1,
  "error_msg": null,
  "success": true
}