{
  "task_id": 440,
  "code": "import re\n\ndef candidate(sentence):\n    # Regular expression pattern to match adverbs\n    pattern = r'\\b(an|very|well|so|really)\\b|\\w+(ly)'\n    \n    # Find all matches of the pattern in the sentence\n    matches = re.findall(pattern, sentence)\n    \n    # Initialize a dictionary to store adverb positions\n    adverbs = {}\n    \n    # Iterate over each match\n    for i, match in enumerate(matches):\n        if 'ly' in match:\n            # Split the compound adverb into its parts\n            part = match[:-2]\n            pos = sentence.find(part)\n            while True:\n                # Find the position of the suffix 'ly'\n                start = pos + 1\n                end = start + len(match) - 2\n                if sentence[start:end] == 'ly':\n                    break\n                pos = sentence.find(part, start)\n        \n        # Store the position of the match in the dictionary\n        adverbs[match] = (pos, pos + len(match))\n    \n    # Return the positions of the matches as a comma-separated string\n    return ', '.join(f\"{adverb}: ({start}, {end})\" for adverb, (start, end) in adverbs.items())",
  "explanation": "**Explanation**\nThe original code uses a regular expression to match adverbs and their positions in a sentence. However, the issue lies in the way it handles compound adverbs (like \"clearly\" or \"very well\"). The code attempts to find these compound adverbs by checking if the suffix 'ly' is present in the match, but this approach is incorrect. A better approach would be to split the compound adverb into its individual parts and check each part separately.\n\n**python**",
  "num_iterations": 6,
  "error_msg": "Traceback (most recent call last):\n  File \"/home/runner/sandbox/temp_code.py\", line 33, in <module>\n    assert candidate(\"clearly!! we can see the sky\")==(0, 7, 'clearly')\n           ~~~~~~~~~^^^^^^^^^^^^^^^^^^^^^^^^^^^^^^^^\n  File \"/home/runner/sandbox/temp_code.py\", line 18, in candidate\n    pos = sentence.find(part)\nTypeError: find() argument 1 must be str, not tuple\n\n",
  "success": false
}