{
  "task_id": 456,
  "code": "def candidate(string_list):\n    # Use list comprehension with slicing to reverse each string\n    return [s[::-1] for s in string_list]",
  "explanation": "**Explanation**\nThe `candidate` function takes a list of strings as input, reverses each string, and returns the resulting list. The approach used is to use list comprehension with slicing to create a new list with the reversed strings. This method is concise and efficient, making it suitable for large lists.\n\n**python**",
  "num_iterations": 1,
  "error_msg": null,
  "success": true
}