{
  "task_id": 149,
  "code": "def candidate(arr):\n    # Initialize variables to keep track of the maximum length subsequence\n    max_length = 1\n    \n    # Initialize a list to store the lengths of all subsequences\n    lengths = [1] * len(arr)\n    \n    # Iterate over the array\n    for i in range(1, len(arr)):\n        for j in range(i):\n            if abs(arr[i] - arr[j]) == 1:\n                lengths[i] = max(lengths[i], lengths[j] + 1)\n    \n    # Return the maximum length subsequence\n    return max(lengths)",
  "explanation": "**EXPLANATION**\nThe code attempts to find the longest subsequence in a given array where the difference between adjacent elements is one. However, it has logical errors and does not consider all possible cases correctly. The issue lies in the way it handles the calculation of the current sum and updates the maximum length subsequence.\n\n**PYTHON**",
  "num_iterations": 6,
  "error_msg": "Traceback (most recent call last):\n  File \"/home/runner/sandbox/temp_code.py\", line 17, in <module>\n    assert candidate([1, 2, 3, 4, 5, 3, 2], 7) == 6\n           ~~~~~~~~~^^^^^^^^^^^^^^^^^^^^^^^^^^\nTypeError: candidate() takes 1 positional argument but 2 were given\n\n",
  "success": false
}