{
  "task_id": 601,
  "code": "def candidate(pairs, max_num):\n    # Create a dictionary to store the pairs for efficient lookup\n    pair_dict = {pair.first: pair.second for pair in pairs}\n\n    # Initialize dp array with 0's and append 1 for 1 since we can always form a chain of length 1\n    dp = [0] * (max_num + 1)\n    dp[1] = 1\n\n    # For each number from 2 to max_num\n    for i in range(2, max_num + 1):\n        # Initialize max_length as 0\n        max_length = 0\n        \n        # For each pair that can be formed by dividing the current number with its second value\n        for divisor in [d for d in pair_dict if i % d == 0]:\n            # Update max_length if a longer chain is found\n            new_max_length = dp[i // divisor] + 1\n            max_length = max(max_length, new_max_length)\n        \n        # Store the length of the longest chain for the current number\n        dp[i] = max_length\n    \n    # Return the length of the longest chain that can be formed from 1 to max_num\n    return dp[-1]",
  "explanation": "Explanation\n------------\n\nThe given code seems to be attempting to solve the \"Longest Chain\" problem, but it has several issues. The main problem is that it's trying to divide numbers using their second value as the divisor, which doesn't make sense in this context. We need a different approach to find the longest chain.\n\nWe can use dynamic programming to solve this problem. The idea is to create an array `dp` where `dp[i]` will store the length of the longest chain that can be formed using the numbers from 1 to `i`.\n\nCode\n----",
  "num_iterations": 6,
  "error_msg": "Traceback (most recent call last):\n  File \"/home/runner/sandbox/temp_code.py\", line 26, in <module>\n    assert candidate([Pair(5, 24), Pair(15, 25),Pair(27, 40), Pair(50, 60)], 4) == 3\n                      ^^^^\nNameError: name 'Pair' is not defined\n\n",
  "success": false
}