{
  "task_id": 811,
  "code": "def candidate(list1, list2):\n    # Check if the lengths of both lists are equal\n    if len(list1) != len(list2):\n        return False\n    \n    # Iterate over each tuple in the lists\n    for tup1, tup2 in zip(list1, list2):\n        # If the tuples have different lengths, they're not identical\n        if len(tup1) != len(tup2):\n            return False\n        \n        # Check if all elements are equal\n        if tup1 != tup2:\n            return False\n    \n    # If no differences were found, the lists are identical\n    return True",
  "explanation": "**Explanation**\nThe function will compare two lists of tuples by comparing each tuple element-wise. It will return `True` if all elements at corresponding positions are equal and `False` otherwise.\n\n**python**",
  "num_iterations": 1,
  "error_msg": null,
  "success": true
}