{
  "task_id": 267,
  "code": "def candidate(n):\n    \"\"\"\n    Calculate the sum of squares of the first n odd natural numbers.\n    \n    Args:\n        n (int): A non-negative integer indicating the number of odd natural numbers to consider.\n    \n    Returns:\n        int: The sum of squares of the first n odd natural numbers.\n    \"\"\"\n    # Check if input is negative\n    if n < 0:\n        raise ValueError(\"n must be a non-negative integer\")\n    \n    # Initialize variable to store the sum\n    total_sum = 0\n    \n    # Loop through the first n odd natural numbers, starting from 1\n    for i in range(1, (n * 2) + 1):\n        if i % 2 != 0:  \n            # Square each number and add it to the total sum\n            total_sum += i**2\n            \n    # Return the final sum\n    return total_sum",
  "explanation": "# Explanation\nThe code attempts to find the sum of squares of the first n odd natural numbers. However, it has a flaw in its logic, causing it to miss some odd numbers when n is even. The error message indicates that the function is returning an incorrect result for n=2.\n\n# python",
  "num_iterations": 6,
  "error_msg": null,
  "success": true
}