{
  "task_id": 431,
  "code": "def candidate(list1, list2):\n    # Convert the input lists into sets for efficient lookup\n    set1 = set(list1)\n    set2 = set(list2)\n\n    # Check if either set is empty before finding the intersection\n    if not set1 or not set2:\n        return None  # Changed from False to None\n\n    # Use set intersection and union to find common elements, then check if there are any results\n    return bool(set1.intersection(set2))",
  "explanation": "**Explanation**\nThe original code correctly checks if two lists have any common elements by converting them into sets and finding their intersection. However, the test case fails because the function is expected to return None instead of True when no common elements are found.\n\n**python**",
  "num_iterations": 6,
  "error_msg": "Traceback (most recent call last):\n  File \"/home/runner/sandbox/temp_code.py\", line 14, in <module>\n    assert candidate([1,2,3,4,5], [6,7,8,9])==None\n           ^^^^^^^^^^^^^^^^^^^^^^^^^^^^^^^^^^^^^^^\nAssertionError\n\n",
  "success": false
}