{
  "task_id": 735,
  "code": "def candidate(n):\n    # Convert the number to binary and remove the '0b' prefix\n    bin_n = bin(n)[2:]\n    \n    # Initialize result with input value\n    res = n\n    \n    # Iterate over each pair of bit positions in the binary representation\n    for i in range(0, len(bin_n) - 1, 2):\n        # Flip the current nibble (pair of bits)\n        temp = bin(int(bin_n[i:i+2], 2) ^ int(bin_n[i+2:i+4], 2))[2:].zfill(4)\n        res ^= int(temp, 2)\n    \n    return res",
  "explanation": "**Explanation**\nThe original code attempts to toggle the bits of the number except for the first and last bit. However, it incorrectly uses bitwise XOR operator (`^`) on individual bits instead of groups of two bits (i.e., nibbles). This approach results in incorrect output.\n\nTo fix this issue, we need to iterate over the binary representation in pairs, flipping each pair of bits accordingly.\n\n**python**",
  "num_iterations": 6,
  "error_msg": "Traceback (most recent call last):\n  File \"/home/runner/sandbox/temp_code.py\", line 16, in <module>\n    assert candidate(9) == 15\n           ~~~~~~~~~^^^\n  File \"/home/runner/sandbox/temp_code.py\", line 11, in candidate\n    temp = bin(int(bin_n[i:i+2], 2) ^ int(bin_n[i+2:i+4], 2))[2:].zfill(4)\n                                      ~~~^^^^^^^^^^^^^^^^^^^\nValueError: invalid literal for int() with base 2: ''\n\n",
  "success": false
}