{
  "task_id": 461,
  "code": "def candidate(s):\n    # Initialize a set to store unique uppercase characters and a counter variable to store their count\n    upper_case_chars = set()\n    upper_case_count = 0\n    \n    # Iterate over each character in the input string\n    for char in s:\n        # Check if the character is an uppercase letter using Python's built-in function 'isupper()'\n        if char.isupper():\n            # Add the character to the set of unique uppercase characters\n            upper_case_chars.add(char)\n    \n    # The count of unique uppercase characters is the size of the set\n    return len(upper_case_chars)",
  "explanation": "# Explanation\nThe original code attempts to count the upper case characters in a given string by iterating over each character and checking if it's uppercase using Python's built-in function 'isupper()'. However, the current implementation has an issue where it increments the count for each uppercase character in a sequence only when it transitions from a non-uppercase character. This approach is incorrect because it doesn't accurately represent the actual count of unique uppercase characters.\n\n# python",
  "num_iterations": 6,
  "error_msg": "Traceback (most recent call last):\n  File \"/home/runner/sandbox/temp_code.py\", line 16, in <module>\n    assert candidate('PYthon') == 1\n           ^^^^^^^^^^^^^^^^^^^^^^^^\nAssertionError\n\n",
  "success": false
}