{
  "task_id": 866,
  "code": "def candidate(month_name):\n    # Create a set of months that have 31 days\n    thirty_one_days = {'January', 'March', 'May', 'July', 'August', 'October', 'December'}\n    \n    # Check if the input month is in the set\n    return month_name.title() in thirty_one_days\n\n# Example usage:\nprint(candidate('January'))  # Output: True\nprint(candidate('February'))  # Output: False",
  "explanation": "**Explanation**\nThe function will take a string input representing the month name and return a boolean value indicating whether the month has 31 days. The approach is to create an array of months with 31 days, then compare the input month against this list using a set for efficient lookups.\n\n\n**python**",
  "num_iterations": 1,
  "error_msg": null,
  "success": true
}