{
  "task_id": 699,
  "code": "def candidate(str1, str2):\n    # Calculate the length of both strings\n    len_str = len(str1)\n\n    # Initialize counters for mismatches and swaps needed\n    mismatches = 0\n\n    # Iterate through both strings simultaneously\n    i, j = 0, 0\n    while i < len_str and j < len_str:\n        if str1[i] != str2[j]:\n            mismatches += 1\n\n            # Calculate the number of swaps needed for this mismatch\n            k = i + 1\n            while k < len_str and str1[k] == str2[j]:\n                k += 1\n            j = max(i, j)  # Update j to be the position of the first mismatched bit\n\n        else:\n            i += 1\n            j += 1\n\n    return mismatches // 2",
  "explanation": "**Explanation**\nThe original code has a flaw in its approach, which can lead to an infinite loop if the number of mismatches between the two binary strings is odd. This occurs because the inner while loop doesn't properly handle cases where there are mismatched bits at the end of both strings.\n\nTo fix this issue, we need to adjust our approach and ensure that all possible swaps are considered for each mismatch. We also need to return the total number of mismatches instead of raising a ValueError when the number of mismatches is odd.\n\n**python**",
  "num_iterations": 6,
  "error_msg": "Execution timed out after 15 seconds. The code may contain an infinite loop or faulty recursion.",
  "success": false
}