{
  "task_id": 134,
  "code": "python\ndef candidate(arr, p):\n    # Define the operation that needs to be performed on each element in arr\n    def even_odd(num):\n        if num % 2 == 0:\n            return 0\n        else:\n            return 1\n\n    # Create a new array with transformed values using the even_odd function\n    for _ in range(p):\n        new_arr = [even_odd(num) for num in arr]\n\n    # Check if the last element is even or odd and return the result\n    return \"EVEN\" if new_arr[-1] == 0 else \"ODD\"",
  "explanation": "Explanation\n-----------\n\nThe code that was generated has several issues. The main problem is that the `binary_operation` function does not actually modify the input number based on whether it's even or odd. Instead, it simply returns a binary value (0 for even, 1 for odd). \n\nTo fix this, we can create an array of zeros and ones representing even and odd numbers respectively and then use these arrays to transform each element in the input array.\n\nThe `candidate` function should not contain any print statements and it is recommended that it be a single function without subfunctions. \n\nFinally, since there was no clear definition of what operation p times would do, it can simply create an array where the value of each number is modified p times.\n\nCode",
  "num_iterations": 6,
  "error_msg": "Traceback (most recent call last):\n  File \"/home/runner/sandbox/temp_code.py\", line 1, in <module>\n    python\nNameError: name 'python' is not defined\n\n",
  "success": false
}