{
  "task_id": 10,
  "code": "def candidate(dataset, n):\n    # Check if the input dataset is valid (iterable)\n    if not hasattr(dataset, '__iter__'):\n        raise ValueError(\"Invalid input: dataset must be an iterable\")\n\n    # Sort the dataset in ascending order\n    sorted_dataset = sorted(dataset)\n\n    # Return the n smallest elements\n    return sorted_dataset[:n]",
  "explanation": "**Explanation**\nThe function will take two parameters: `dataset` and `n`, where `dataset` is an iterable of numbers and `n` is the number of smallest items to return. The approach used here is simple sorting, which will sort the dataset in ascending order and then slice it to get the n smallest elements.\n\n**python**",
  "num_iterations": 1,
  "error_msg": null,
  "success": true
}