{
  "task_id": 315,
  "code": "def candidate(s):\n    # Split the input string into words\n    words = s.split()\n    \n    # Initialize variables to keep track of the longest even word and its length\n    max_even_word = \"\"\n    max_even_length = 0\n    \n    # Iterate over each word in the list\n    for word in words:\n        # Check if the word is even-length and longer than the current max\n        if len(word) % 2 == 0 and len(word) > max_even_length:\n            # Update the longest even word and its length\n            max_even_word = word\n            max_even_length = len(word)\n    \n    return max_even_word",
  "explanation": "Explanation\n-----------\n\nThe code attempts to find the first maximum length of an even word by splitting the input string into words and then filtering out odd-length words. However, it returns a single integer value instead of the actual longest even word itself.\n\nCode",
  "num_iterations": 6,
  "error_msg": "Traceback (most recent call last):\n  File \"/home/runner/sandbox/temp_code.py\", line 21, in <module>\n    assert candidate(\"eve\") == \"-1\"\n           ^^^^^^^^^^^^^^^^^^^^^^^^\nAssertionError\n\n",
  "success": false
}