{
  "task_id": 847,
  "code": "def candidate(my_tuple):\n    \"\"\"\n    Creates a new list and copies all elements from a given singleton tuple into it.\n    \n    Args:\n        my_tuple (tuple): A singleton tuple containing unique elements.\n        \n    Returns:\n        list: A new list with the same elements as the input tuple.\n    \"\"\"\n\n    # Initialize an empty list to store the copied elements\n    result = []\n\n    # Check if the input is a tuple and has exactly one element\n    if isinstance(my_tuple, tuple) and len(my_tuple) == 1:\n        # Unpack the single element from the tuple into the list\n        result.append(my_tuple[0])\n    \n    else:\n        # If not a singleton tuple, try to unpack elements\n        for elem in my_tuple:\n            # Append each element from the tuple to the result list\n            result.append(elem)\n\n    # Return the new list with the copied elements\n    return result",
  "explanation": "**EXPLANATION**\nThe function creates a new list and copies all elements from a given singleton tuple into it. It uses Python's built-in data structures, specifically lists and tuples, to achieve this. The function handles both indexing (e.g., `my_tuple[0]`) and slicing (e.g., `my_tuple[1:3]`) of the tuple.\n\n\n**PYTHON**",
  "num_iterations": 1,
  "error_msg": null,
  "success": true
}