{
  "task_id": 753,
  "code": "def candidate(k, lst):\n    \"\"\"\n    Find the minimum k records from a tuple list.\n    \n    Parameters:\n    k (int): The number of records to select.\n    lst (list): A list of tuples containing data.\n    \n    Returns:\n    list: A list of the k smallest records.\n    \"\"\"\n    # Sort the tuple list based on the first element in each tuple\n    def sort_key(x):\n        if isinstance(x[0], str):\n            return float(x[0])\n        else:\n            return x[0]\n\n    sorted_lst = sorted(lst, key=sort_key)\n    \n    # Select the smallest k records from the sorted list\n    min_k_records = sorted_lst[:k]\n    \n    return min_k_records",
  "explanation": "**EXPLANATION**\nThe original code attempts to sort a list of tuples based on the first element in each tuple. However, it incorrectly applies this sorting logic when the first element is an integer instead of a string. The error message indicates that this happens because the `float()` function is being applied to both strings and integers. \n\nTo fix this issue, we can modify the code to only apply `float()` to the elements if they are strings.\n\n**PYTHON**",
  "num_iterations": 6,
  "error_msg": "Traceback (most recent call last):\n  File \"/home/runner/sandbox/temp_code.py\", line 26, in <module>\n    assert candidate([('Manjeet', 10), ('Akshat', 4), ('Akash', 2), ('Nikhil', 8)], 2) == [('Akash', 2), ('Akshat', 4)]\n           ~~~~~~~~~^^^^^^^^^^^^^^^^^^^^^^^^^^^^^^^^^^^^^^^^^^^^^^^^^^^^^^^^^^^^^^^^^^\n  File \"/home/runner/sandbox/temp_code.py\", line 19, in candidate\n    sorted_lst = sorted(lst, key=sort_key)\nTypeError: 'int' object is not iterable\n\n",
  "success": false
}