{
  "task_id": 533,
  "code": "def candidate(tup, *dtypes):\n    \"\"\"\n    Removes elements of particular data types from the given tuple.\n    \n    Args:\n        tup (tuple): The input tuple.\n        *dtypes: Variable number of data types to be removed.\n    \n    Returns:\n        list: A new list with elements of the specified data types removed.\n    \"\"\"\n\n    # Initialize an empty list to store filtered elements\n    filtered_list = []\n    \n    # Iterate over each element in the tuple\n    for elem in tup:\n        # Check if the current element is not an instance of any of the specified data types\n        if not any(isinstance(elem, dtyp) for dtyp in dtypes):\n            # If it's not of any of the specified types, add it to the filtered list\n            filtered_list.append(elem)\n    \n    return filtered_list",
  "explanation": "Explanation\n-----------\n\nThe given code attempts to remove elements of a specified data type from a tuple. However, it incorrectly returns the filtered list as a tuple instead of returning the list itself. This causes an error when the function is called with a set of data types.\n\nCode\n-----",
  "num_iterations": 6,
  "error_msg": null,
  "success": true
}