{
  "task_id": 221,
  "code": "def candidate(numbers):\n    # Iterate through the list of numbers\n    for num in numbers:\n        # Check if the current number is even\n        if num % 2 == 0:\n            # If even, return its value and stop searching\n            return num\n\n    # If no even numbers were found, return None\n    return None",
  "explanation": "**Explanation**\nThe `candidate` function uses a simple iterative approach to traverse the list and return the first even number it encounters. It utilizes a conditional statement to check if each number is divisible by 2, indicating it's even. If an even number is found, it immediately returns the value without checking further in the list.\n\n**python**",
  "num_iterations": 1,
  "error_msg": null,
  "success": true
}