{
  "task_id": 30,
  "code": "def candidate(s):\n    # Check if both characters of s are same, if not return 0\n    if len(set(s)) != 1:\n        return 0\n\n    # Initialize count variable\n    count = 0\n    \n    for i in range(len(s)):\n        # Check if first and last characters are the same in string\n        if s[i] == s[0]:\n            left, right = i + 1, len(s) - 1\n            while left <= right:\n                # Initialize flag to track if all characters between left and right are the same as the first character\n                all_same = True\n                \n                while left <= right:\n                    if s[left] != s[0]:\n                        all_same = False\n                        break\n                    count += 1\n                    left += 1\n                if not all_same:\n                    break\n                # If all characters between left and right are the same as the first character, check if last character is same with it\n                while left <= right and s[right] != s[0]:\n                    count += 1\n                    right -= 1\n                \n    return count",
  "explanation": "Explanation\n-----------\n\nThe code has an infinite loop that will not terminate for certain inputs. The issue is with the condition inside the while loop. If `s[left] != s[0]`, then `left` should be incremented and if `s[right] != s[0]`, then `right` should be decremented, but it's currently incrementing or decrementing one of them regardless.\n\nThe function can be improved to only iterate through valid substrings. Also, the number of iterations for the outer loop is not necessary as we're iterating over the whole string anyway.\n\nCode\n-----",
  "num_iterations": 6,
  "error_msg": "Traceback (most recent call last):\n  File \"/home/runner/sandbox/temp_code.py\", line 32, in <module>\n    assert candidate(\"abc\") == 3\n           ^^^^^^^^^^^^^^^^^^^^^\nAssertionError\n\n",
  "success": false
}