{
  "task_id": 709,
  "code": "def candidate(tup):\n    # Initialize an empty dictionary to store unique values and their counts\n    unique_counts = {}\n    \n    # Iterate over each sub-tuple in the tuple\n    for sub_tup in tup:\n        # Get the first element of the sub-tuple as the key and the second element as the value\n        key, value = sub_tup\n        \n        # Increment the count of the current value if it already exists in the dictionary\n        unique_counts[value] = unique_counts.get(value, 0) + 1\n    \n    # Return a string representation of the dictionary containing unique values and their counts\n    return str({k: v for k, v in unique_counts.items()})",
  "explanation": "Explanation\n------------\n\nThe provided code attempts to solve the problem by iterating over each element in the tuple, incrementing its count if it already exists in the dictionary, and returning a string representation of the dictionary. However, this approach is incorrect because it does not handle cases where an element has no corresponding key-value pair in the dictionary.\n\nCode\n----",
  "num_iterations": 3,
  "error_msg": null,
  "success": true
}