{
  "task_id": 355,
  "code": "import math\n\ndef candidate(r):\n    # Initialize count\n    count = 0\n    \n    # Iterate over possible horizontal segments around circumference\n    for n_sides in range(1, int(r * 2) + 1):\n        segment_length = (n_sides / math.pi) * 2 * math.pi\n        \n        # Calculate corresponding vertical segment length using Pythagorean theorem\n        side_length = r * math.sqrt(4 - (math.cos(math.pi/n_sides)) ** 2)\n        \n        # Check if there are any rectangles with these dimensions\n        count += int(segment_length / side_length)\n        \n    return count",
  "explanation": "Explanation\n-----------\n\nThe original code attempts to count the number of rectangles in a circle by iterating over possible horizontal segments and calculating corresponding vertical segment lengths using the Pythagorean theorem. However, this approach is flawed due to incorrect assumptions about the relationship between segment lengths and rectangle counts. The alternate method also fails because it incorrectly calculates the angle subtended by each rectangle at the center of the circle.\n\nCode\n----",
  "num_iterations": 6,
  "error_msg": "Traceback (most recent call last):\n  File \"/home/runner/sandbox/temp_code.py\", line 19, in <module>\n    assert candidate(2) == 8\n           ^^^^^^^^^^^^^^^^^\nAssertionError\n\n",
  "success": false
}