{
  "task_id": 303,
  "code": "def candidate(arr, expected_inv_count):\n    \"\"\"\n    This function checks whether the count of inversion of two types are same or not.\n    \n    Parameters:\n    arr (list): The input list for which we want to check the inversions.\n    expected_inv_count (int): The expected number of inversions in the array.\n    \n    Returns:\n    bool: True if the count of inversion is same, False otherwise.\n    \"\"\"\n    # Base case: If the array has only one element or is empty, it is already sorted.\n    if len(arr) <= 1:\n        return arr == [], expected_inv_count\n    \n    mid = len(arr) // 2\n    left_arr, left_inv_count = candidate(arr[:mid], expected_inv_count)\n    right_arr, right_inv_count = candidate(arr[mid:], expected_inv_count)\n\n    # Merge the two sorted halves and count the number of inversions.\n    merged_arr, merged_inv_count = merge(left_arr, right_arr, len(arr))\n    \n    return merged_arr == [], left_inv_count + right_inv_count + merged_inv_count\n\n\ndef merge(left, right, total_len):\n    \"\"\"\n    This function merges two sorted lists into one sorted list and counts the number of inversions.\n    \n    Parameters:\n    left (list): The first sorted list.\n    right (list): The second sorted list.\n    total_len (int): Total length of array.\n    \n    Returns:\n    tuple: A tuple containing the merged sorted list and the count of inversions.\n    \"\"\"\n    \n    merged = []\n    i = j = 0\n    \n    inv_count = 0\n    while i < len(left) or j < len(right):\n        if i < len(left) and (j == len(right) or left[i] <= right[j]):\n            merged.append(left[i])\n            i += 1\n        else:\n            merged.append(right[j])\n            j += 1\n            \n            # Count the number of inversions.\n            inv_count += total_len - j\n    \n    return merged, inv_count",
  "explanation": "Explanation\n------------\n\nThe issue here lies in how we're calling the `candidate` function. The line where it's called as `right_arr, right_inv_count = candidate(arr[mid:], expected_inv_count)` returns a boolean value (`merged_arr == sorted(merged_arr)`), which is assigned to `left_arr[1:]`, not used anywhere else.\n\nWe should instead call the function with only one argument - left and merge two subarrays into original array.\n\nCode\n----",
  "num_iterations": 6,
  "error_msg": "Traceback (most recent call last):\n  File \"/home/runner/sandbox/temp_code.py\", line 56, in <module>\n    assert candidate([1,0,2],3) == True\n           ~~~~~~~~~^^^^^^^^^^^\n  File \"/home/runner/sandbox/temp_code.py\", line 18, in candidate\n    right_arr, right_inv_count = candidate(arr[mid:], expected_inv_count)\n                                 ~~~~~~~~~^^^^^^^^^^^^^^^^^^^^^^^^^^^^^^^\n  File \"/home/runner/sandbox/temp_code.py\", line 21, in candidate\n    merged_arr, merged_inv_count = merge(left_arr, right_arr, len(arr))\n                                   ~~~~~^^^^^^^^^^^^^^^^^^^^^^^^^^^^^^^\n  File \"/home/runner/sandbox/temp_code.py\", line 43, in merge\n    while i < len(left) or j < len(right):\n              ~~~^^^^^^\nTypeError: object of type 'bool' has no len()\n\n",
  "success": false
}