{
  "task_id": 769,
  "code": "def candidate(list1, list2):\n    \"\"\"\n    Returns a list of elements that are in list1 but not in list2.\n    \n    Args:\n        list1 (list): The first list to compare.\n        list2 (list): The second list to compare.\n        \n    Returns:\n        list: A list of elements in list1 that are not in list2.\n    \"\"\"\n    \n    # Validate that both are lists\n    if not isinstance(list1, list) or not isinstance(list2, list):\n        raise ValueError(\"Both inputs must be lists\")\n    \n    # Convert list2 to a set for efficient lookups\n    set2 = set(list2)\n    \n    # Find elements in list1 that are not in list2\n    diff = [element for element in list1 if element not in set2]\n    \n    return diff",
  "explanation": "# Explanation\nThe code provided is attempting to find the difference between two lists. However, it contains a few issues that need to be addressed. The main problem is that the function `candidate` is trying to use an undefined variable `Diff`. Additionally, there are some logical errors in the approach, as it's not correctly handling the case when elements are present in both lists.\n\n# python",
  "num_iterations": 6,
  "error_msg": "Traceback (most recent call last):\n  File \"/home/runner/sandbox/temp_code.py\", line 25, in <module>\n    assert (Diff([10, 15, 20, 25, 30, 35, 40], [25, 40, 35])) == [10, 20, 30, 15]\n            ^^^^\nNameError: name 'Diff' is not defined\n\n",
  "success": false
}