{
  "task_id": 512,
  "code": "def candidate(mixed_tuple):\n    # Initialize an empty dictionary to store frequency counts\n    freq_dict = {}\n    \n    # Define a helper function to recursively count frequencies\n    def recursive_count(tup):\n        for elem in tup:\n            if isinstance(elem, (tuple, list)):\n                recursive_count(elem)\n            elif elem not in freq_dict:\n                freq_dict[elem] = 1\n            else:\n                freq_dict[elem] += 1\n    \n    # Call the helper function on the mixed tuple\n    recursive_count(mixed_tuple)\n    \n    # Return the frequency dictionary\n    return freq_dict",
  "explanation": "**Explanation**\nThe provided code attempts to recursively count the frequency of elements in a mixed nested tuple. However, it encounters a TypeError because the recursive call to `recursive_count` returns None when it reaches a single-element tuple (i.e., an element), and this value is then passed to `freq_dict.update()`. To fix this issue, we need to ensure that all elements are treated uniformly and counted correctly.\n\n**python**",
  "num_iterations": 3,
  "error_msg": null,
  "success": true
}