{
  "task_id": 554,
  "code": "def candidate(numbers):\n    # Initialize an empty list to store odd numbers\n    odd_numbers = []\n\n    # Iterate over each number in the input list\n    for num in numbers:\n        # Check if the number is odd using the modulo operator\n        if num % 2 != 0:\n            # If the number is odd, append it to the result list\n            odd_numbers.append(num)\n\n    # Return the list of odd numbers\n    return odd_numbers",
  "explanation": "**Explanation**\nThe `candidate` function takes a list of integers as input and returns a new list containing only the odd numbers from the original list. It uses a simple approach by iterating over each number in the list and checking if it is odd using the modulo operator (`%`). If the remainder when divided by 2 is not zero, the number is considered odd.\n\n**python**",
  "num_iterations": 1,
  "error_msg": null,
  "success": true
}