{
  "task_id": 703,
  "code": "def candidate(dictionary, key):\n    # Check if the key exists in the dictionary\n    return key in dictionary",
  "explanation": "**Explanation**\nThe `candidate` function checks if a given key exists in a dictionary. It uses Python's built-in `in` operator, which returns True if the key is found and False otherwise. This approach is efficient as it directly accesses the dictionary's internal data structure without needing to iterate over its elements.\n\n**python**",
  "num_iterations": 1,
  "error_msg": null,
  "success": true
}