{
  "task_id": 774,
  "code": "import re\n\ndef candidate(email):\n    # Regular expression pattern for validating an email address\n    pattern = r\"^[a-zA-Z0-9_.+-]+@[a-zA-Z0-9-]+\\.[a-zA-Z0-9-.]+$\"\n    \n    # Check if the input string matches the pattern\n    return \"Valid Email\" if re.match(pattern, email) else \"Invalid Email\"",
  "explanation": "Explanation\n------------\n\nThe code provided uses a regular expression to validate an email address. However, the issue lies in the fact that it's returning a string literal instead of a boolean value indicating whether the email is valid or not.\n\nCode\n----",
  "num_iterations": 3,
  "error_msg": null,
  "success": true
}