{
  "task_id": 607,
  "code": "import re\n\ndef candidate(pattern, string):\n    # Compile the pattern into a regex object\n    regex = re.compile(pattern)\n\n    # Search for the pattern in the string\n    match = regex.search(string)\n\n    # If a match is found, return its location and value\n    if match:\n        start = match.start()\n        end = match.end()  \n        return {\n            'value': match.group(),\n            'location': (start, end)\n        }\n    else:\n        return None",
  "explanation": "**Explanation**\nThe original code attempts to search for a pattern in a string using regex and returns the location of the match along with its value. However, it includes a non-existent `python` import statement that causes a NameError. To fix this issue, we need to remove the incorrect import statement.\n\n**Code**",
  "num_iterations": 6,
  "error_msg": "Traceback (most recent call last):\n  File \"/home/runner/sandbox/temp_code.py\", line 21, in <module>\n    assert candidate('The quick brown fox jumps over the lazy dog.', 'fox') == ('fox', 16, 19)\n           ^^^^^^^^^^^^^^^^^^^^^^^^^^^^^^^^^^^^^^^^^^^^^^^^^^^^^^^^^^^^^^^^^^^^^^^^^^^^^^^^^^^\nAssertionError\n\n",
  "success": false
}