{
  "task_id": 728,
  "code": "def candidate(list1, list2):\n    # Use map to add corresponding elements from both lists and convert to int or float\n    summed_list = map(lambda x: sum(x), zip(list1, list2))\n    \n    # Convert the map object to a list for easier handling\n    result = list(summed_list)\n    \n    return result",
  "explanation": "**Explanation**\nThe original code attempts to sum corresponding elements from two lists using the `map` and `zip` functions. However, it incorrectly assumes that all pairs of elements will result in a single value to be summed. The error occurs because the function is designed to return a single integer or float value, but the test case expects a list of values.\n\n**python**",
  "num_iterations": 2,
  "error_msg": null,
  "success": true
}