{
  "task_id": 89,
  "code": "def candidate(n):\n    # Initialize the closest smaller number as infinity\n    closest_smaller = float('inf')\n\n    # Iterate over all numbers from 0 to n - 1\n    for i in range(n):\n        # Check if the current number is smaller than n\n        if i < n:\n            # Update the closest smaller number if a smaller one is found\n            closest_smaller = min(closest_smaller, i)\n    \n    # If n is greater than 0, return n-1 as it's the closest smaller number\n    # Otherwise, return infinity if there's no smaller number\n    if n > 0:\n        return n - 1\n    else:\n        return float('inf')",
  "explanation": "Explanation\n-----------\nThe provided code is attempting to find the closest smaller number than `n` by iterating over all numbers from 0 to `n-1`. However, this approach has a logical error where it only checks if the current number `i` is less than `n`, instead of checking if `i` is smaller than `n`.\n\nCode\n-----",
  "num_iterations": 6,
  "error_msg": null,
  "success": true
}