{
  "task_id": 657,
  "code": "def candidate(n):\n    # Initialize factorial variable\n    factorial = 1\n    \n    # Calculate factorial using nested loops\n    for i in range(1, n+1):\n        factorial *= i\n        \n    # Convert to string and return first digit\n    return int(str(factorial)[0])",
  "explanation": "**Explanation**\nThe function will take an integer as input, calculate its factorial, and return the first digit. It uses a loop to multiply numbers together until it reaches zero, storing each multiplication result in a variable. The function then returns the first digit of this product by converting it into a string.\n\n**python**",
  "num_iterations": 1,
  "error_msg": null,
  "success": true
}