{
  "task_id": 373,
  "code": "def candidate(length, width, height):\n    # Calculate the volume using the formula\n    volume = length * width * height\n    \n    # Return the calculated volume\n    return volume",
  "explanation": "Explanation\n------------\n\nThe original code was missing the function definition and instead directly returned the calculated volume. To fix this error, we need to define a function named `candidate` that calculates the volume of a cuboid using the provided formula.\n\npython",
  "num_iterations": 2,
  "error_msg": null,
  "success": true
}