{
  "task_id": 390,
  "code": "def candidate(lst: list[str], s: str) -> list[str]:\n    \"\"\"\n    Inserts a given string at the beginning of all items in a list.\n    \n    Args:\n        lst (list): The input list.\n        s (str): The string to be prepended to each element.\n        \n    Returns:\n        list: A new list with the given string prepended to each element.\n    \"\"\"\n    result = []\n    for x in lst:\n        if isinstance(x, int):\n            result.append(str(s) + str(x))\n        else:\n            result.append(s + str(x))  # Corrected this line\n    return result",
  "explanation": "**Explanation**\nThe original code attempts to prepend a given string to all items in a list. However, it incorrectly converts the input `x` to a string before prepending the given string `s`. This results in an incorrect output. The corrected code now checks if `x` is an integer before converting it to a string and prepending `s`.\n\n**python**",
  "num_iterations": 6,
  "error_msg": "Traceback (most recent call last):\n  File \"/home/runner/sandbox/temp_code.py\", line 20, in <module>\n    assert candidate([1,2,3,4],'temp{0}')==['temp1', 'temp2', 'temp3', 'temp4']\n           ^^^^^^^^^^^^^^^^^^^^^^^^^^^^^^^^^^^^^^^^^^^^^^^^^^^^^^^^^^^^^^^^^^^^\nAssertionError\n\n",
  "success": false
}