{
  "task_id": 364,
  "code": "def candidate(binary_string: str) -> int:\n    # Initialize the count of flips\n    flips = 0\n    \n    # Check if the string has an even length\n    if len(binary_string) % 2 != 0:\n        return -1\n\n    # Iterate over the string from index 1 to end-1\n    for i in range(1, len(binary_string)-1):\n        # If the current character is equal to both its previous and next ones, we need a flip.\n        if binary_string[i] == binary_string[i-1] and binary_string[i] == binary_string[i+1]:\n            flips += 1\n\n    return flips",
  "explanation": "Explanation\n-----------\n\nThe given code attempts to find the number of flips required to make a binary string into an alternate character sequence. However, it has a flaw in its logic for checking the neighboring characters. The correct approach should be to check if the current character is equal to both its previous and next ones, then increment the flip count.\n\nCode",
  "num_iterations": 6,
  "error_msg": "Traceback (most recent call last):\n  File \"/home/runner/sandbox/temp_code.py\", line 18, in <module>\n    assert candidate(\"001\") == 1\n           ^^^^^^^^^^^^^^^^^^^^^\nAssertionError\n\n",
  "success": false
}