{
  "task_id": 247,
  "code": "python\ndef candidate(s):\n    \"\"\"\n    Find the length of the longest palindromic subsequence in the given string.\n    \n    Args:\n        s (str): The input string.\n    \n    Returns:\n        int: The length of the longest palindromic subsequence.\n    \"\"\"\n    \n    # Reverse the input string to simplify the problem\n    rev_s = s[::-1]\n    \n    # Create a 2D table to store lengths of common subsequences\n    n, m = len(s), len(rev_s)\n    dp = [[0] * (m + 1) for _ in range(n + 1)]\n    \n    # Fill the table using dynamic programming\n    for i in range(1, n + 1):\n        for j in range(1, m + 1):\n            if rev_s[j - 1] == s[i - 1]:\n                dp[i][j] = dp[i - 1][j - 1] + 2\n            else:\n                dp[i][j] = max(dp[i - 1][j], dp[i][j - 1])\n    \n    # The length of the longest palindromic subsequence is stored in the bottom-right corner\n    return dp[n][m]",
  "explanation": "Explanation\n----------\n\nThe original code has several issues. It incorrectly uses the `name` module to execute a block of code that contains the function definition, which causes a `NameError`. Additionally, the approach used in the code does not correctly calculate the longest palindromic subsequence.\n\nCode\n----",
  "num_iterations": 6,
  "error_msg": "Traceback (most recent call last):\n  File \"/home/runner/sandbox/temp_code.py\", line 1, in <module>\n    python\nNameError: name 'python' is not defined\n\n",
  "success": false
}