{
  "task_id": 165,
  "code": "def candidate(s):\n    # Initialize a dictionary with English alphabets as keys and their counts as values\n    alphabet_counts = {chr(i): 0 for i in range(ord('a'), ord('z')+1)}\n    \n    # Iterate over each character in the string (ignoring non-alphabet characters)\n    for char in s:\n        if char.isalpha():  # Check if character is a letter\n            alphabet_counts[char.lower()] += 1\n    \n    return alphabet_counts",
  "explanation": "**Explanation**\nThe given code attempts to count characters at the same position in a string as in the English alphabet. However, it has an issue with incrementing the count for alphabets encountered at their correct case. The test case is failing because 'b' and 'B' are not being counted correctly.\n\n**python**",
  "num_iterations": 6,
  "error_msg": "Traceback (most recent call last):\n  File \"/home/runner/sandbox/temp_code.py\", line 12, in <module>\n    assert candidate(\"xbcefg\") == 2\n           ^^^^^^^^^^^^^^^^^^^^^^^^\nAssertionError\n\n",
  "success": false
}