{
  "task_id": 810,
  "code": "def candidate(*elements_and_counts):\n    # Initialize an empty list to store the repeated elements\n    result = []\n    \n    # Iterate over each element and its count\n    for element, count in (element_count if isinstance(element_count, (list, tuple)) else ([element_count], [count]) for element_count in elements_and_counts):\n        # Check if the count is non-negative\n        if not isinstance(count, int) or count < 0:\n            raise ValueError(f\"Invalid input: {element} has invalid count\")\n        \n        # Append the repeated elements to the result list\n        result.extend([element] * count)\n    \n    # Return the final result\n    return result",
  "explanation": "**Explanation**\nThe original code attempts to handle different data types for the input parameters, but it does not correctly handle the case where an element has a negative count. The `assert` statement fails because the function raises a `ValueError` when given invalid input.\n\nTo fix this issue, we can add additional checks to ensure that all counts are non-negative integers and handle them accordingly. We will also improve the overall structure and readability of the code.\n\n\n**python**",
  "num_iterations": 6,
  "error_msg": "Traceback (most recent call last):\n  File \"/home/runner/sandbox/temp_code.py\", line 17, in <module>\n    assert candidate(4,2,0,-2)==['p', 'p', 'p', 'p', 'q', 'q']\n           ~~~~~~~~~^^^^^^^^^^\n  File \"/home/runner/sandbox/temp_code.py\", line 6, in candidate\n    for element, count in (element_count if isinstance(element_count, (list, tuple)) else ([element_count], [count]) for element_count in elements_and_counts):\n                          ^^^^^^^^^^^^^^^^^^^^^^^^^^^^^^^^^^^^^^^^^^^^^^^^^^^^^^^^^^^^^^^^^^^^^^^^^^^^^^^^^^^^^^^^^^^^^^^^^^^^^^^^^^^^^^^^^^^^^^^^^^^^^^^^^^^^\n  File \"/home/runner/sandbox/temp_code.py\", line 6, in <genexpr>\n    for element, count in (element_count if isinstance(element_count, (list, tuple)) else ([element_count], [count]) for element_count in elements_and_counts):\n                                                                                                             ^^^^^\nNameError: cannot access free variable 'count' where it is not associated with a value in enclosing scope. Did you mean: 'round'?\n\n",
  "success": false
}