{
  "task_id": 660,
  "code": "def candidate(start1, end1, start2, end2):\n    \"\"\"\n    Choose points from two ranges such that no point lies in both the ranges.\n    \n    Parameters:\n    start1 (int): The start of the first range\n    end1 (int): The end of the first range\n    start2 (int): The start of the second range\n    end2 (int): The end of the second range\n    \n    Returns:\n    tuple: A tuple containing two integers representing the minimum and maximum point that can be chosen\n    \"\"\"\n    # Initialize an empty list to store the result\n    result = []\n    \n    # Iterate through each possible point in the first range\n    for i in range(start1, end1 + 1):\n        # If the point is not in the second range, add it to the result\n        if start2 <= i <= end2:\n            result.append(i)\n    \n    # If no points are found, return (None, None)\n    if not result:\n        return (None, None)\n    \n    # Return the minimum and maximum points that can be chosen\n    return (min(result), max(result))",
  "explanation": "**Explanation**\nThe code has multiple issues, including a missing function definition and incorrect number of arguments. The original prompt asked for a function to choose points from two ranges such that no point lies in both the ranges, which requires more than one input value. Additionally, the code contains redundant comments and inefficient logic.\n\n**python**",
  "num_iterations": 6,
  "error_msg": "Traceback (most recent call last):\n  File \"/home/runner/sandbox/temp_code.py\", line 30, in <module>\n    assert candidate(5,10,1,5) == (1,10)\n           ^^^^^^^^^^^^^^^^^^^^^^^^^^^^^\nAssertionError\n\n",
  "success": false
}