{
  "task_id": 145,
  "code": "def candidate(nums):\n    \"\"\"\n    This function calculates the maximum difference between any two elements in a given array.\n    \n    Args:\n        nums (list): A list of numbers.\n    \n    Returns:\n        int: The maximum difference found.\n    \"\"\"\n\n    # Check if input is a list of numbers\n    if not isinstance(nums, list) or not all(isinstance(num, (int, float)) for num in nums):\n        raise ValueError(\"All elements must be numbers\")\n\n    # Initialize min_val and max_val as negative infinity and positive infinity respectively\n    min_val = float('inf')\n    max_val = float('-inf')\n\n    # Iterate over the array to find the minimum and maximum values\n    for num in nums:\n        if num < min_val:\n            min_val = num\n        elif num > max_val:\n            max_val = num\n\n    # If the list has less than two elements, raise a ValueError\n    if len(nums) < 2:\n        raise ValueError(\"List must have at least two elements\")\n\n    # Return the difference between the maximum and minimum values found\n    return max_val - min_val",
  "explanation": "**Explanation**\nThe code provided has a logical error. The issue lies in the fact that the function `candidate` is not designed to handle cases where the input list contains duplicate elements or non-numeric values. Additionally, when the function is called with more than one argument, it does not account for this extra argument. The corrected version of the code should be able to handle these cases and provide an accurate result.\n\n**python**",
  "num_iterations": 6,
  "error_msg": "Traceback (most recent call last):\n  File \"/home/runner/sandbox/temp_code.py\", line 34, in <module>\n    assert candidate((2,1,5,3),4) == 4\n           ~~~~~~~~~^^^^^^^^^^^^^\nTypeError: candidate() takes 1 positional argument but 2 were given\n\n",
  "success": false
}