{
  "task_id": 846,
  "code": "python\ndef candidate(arrival, departure):\n    \"\"\"\n    This function calculates the minimum number of platforms required for a railway/bus station.\n    \n    Parameters:\n    arrival (list): A list of arrival times\n    departure (list): A list of departure times\n    \n    Returns:\n    int: The minimum number of platforms required\n    \"\"\"\n    # Initialize variables to keep track of the current and maximum number of platforms needed\n    max_platforms = 0\n    curr_platforms = 0\n\n    # Iterate through the arrival and departure lists in chronological order\n    for a, b in zip(arrival, departure):\n        # If the current platform is required, increment curr_platforms\n        if a <= b:\n            curr_platforms += 1\n        # If the current platform is not required, decrement curr_platforms\n        else:\n            curr_platforms -= 1\n        # Update max_platforms if curr_platforms is greater\n        max_platforms = max(max_platforms, curr_platforms)\n\n    return max_platforms",
  "explanation": "Explanation\n================\n\nThe code provided attempts to solve the problem of finding the minimum number of platforms required for a railway/bus station. However, there are several issues with the code that need to be addressed.\n\nThe main issue is that the `python` variable is used before it is defined. Additionally, the sorting of the arrival and departure lists is not necessary, as the problem can be solved by simply iterating through the lists in chronological order. The current logic for updating the `max_platforms` variable is also incorrect.\n\nCode\n================",
  "num_iterations": 6,
  "error_msg": "Traceback (most recent call last):\n  File \"/home/runner/sandbox/temp_code.py\", line 1, in <module>\n    python\nNameError: name 'python' is not defined\n\n",
  "success": false
}