{
  "task_id": 969,
  "code": "def candidate(tuples):\n    # Create a dictionary to store the tuples for each key\n    grouped_tuples = {}\n    \n    # Iterate over each tuple and group them by their first two elements\n    for tup in tuples:\n        if len(set(tup)) == 2: \n            key = (tup[0], tup[1])\n            if key not in grouped_tuples:\n                grouped_tuples[key] = []\n            grouped_tuples[key].append(tup)\n    \n    # Join all elements from the matched groups and sort them\n    result = tuple(sorted([x for group in grouped_tuples.values() for x in group]))\n    \n    return result",
  "explanation": "# Explanation\nThe original code is attempting to group tuples by their first two elements. However, it has a logical error in the last part of its function where it constructs the result tuple. The corrected code will group all matching elements together and then sort them in ascending order.\n\n# python",
  "num_iterations": 6,
  "error_msg": "Traceback (most recent call last):\n  File \"/home/runner/sandbox/temp_code.py\", line 18, in <module>\n    assert candidate([(5, 6), (5, 7), (6, 8), (6, 10), (7, 13)] ) == [(5, 6, 7), (6, 8, 10), (7, 13)]\n           ^^^^^^^^^^^^^^^^^^^^^^^^^^^^^^^^^^^^^^^^^^^^^^^^^^^^^^^^^^^^^^^^^^^^^^^^^^^^^^^^^^^^^^^^^^\nAssertionError\n\n",
  "success": false
}