{
  "task_id": 457,
  "code": "def candidate(lst):\n    # Initialize minimum length as infinity\n    min_length = float('inf')\n    # Initialize result list as empty\n    min_sublist = []\n    \n    for sublst in lst:\n        if len(sublst) < min_length:\n            min_length = len(sublst)\n            min_sublist = [item for item in sublst]  # Take all elements of the sublist\n    \n    return min_sublist",
  "explanation": "Explanation\n------------\n\nThe code generated was almost correct but had a few issues with variable naming and indexing. The `min_sublist` was initialized as an empty list, and its first element was taken as the minimum sublist. However, this approach is not accurate because it doesn't consider all elements of the sublists that have the minimum length.\n\nCode\n-----",
  "num_iterations": 4,
  "error_msg": null,
  "success": true
}