{
  "task_id": 82,
  "code": "import math\n\ndef candidate(radius):\n    # Calculate the volume using the formula V = (4/3)\u03c0r\u00b3\n    volume = (4/3) * math.pi * (radius ** 3)\n    return volume",
  "explanation": "**Explanation**\nThe function will calculate the volume of a sphere using the formula V = (4/3)\u03c0r\u00b3, where r is the radius of the sphere. The function takes one argument, the radius, and returns the calculated volume as a float value. This approach uses basic mathematical operations to compute the result.\n\n**python**",
  "num_iterations": 1,
  "error_msg": null,
  "success": true
}