{
  "task_id": 651,
  "code": "def candidate(tuple1, tuple2):\n    \"\"\"\n    Check if one tuple is a subset of another.\n    \n    Args:\n        tuple1 (tuple): The first tuple to compare.\n        tuple2 (tuple): The second tuple to compare.\n    \n    Returns:\n        bool: True if tuple1 is a subset of tuple2, False otherwise.\n    \"\"\"\n\n    # Check if both inputs are tuples\n    if not isinstance(tuple1, tuple) or not isinstance(tuple2, tuple):\n        raise TypeError(\"Both inputs must be tuples\")\n        \n    # Convert both tuples to sets for efficient comparison\n    set1 = set(tuple1)\n    set2 = set(tuple2)\n\n    # Check if all elements of set1 exist in set2\n    return set1.issubset(set2)",
  "explanation": "Explanation\n-----------\n\nThe provided code attempts to check if one tuple is a subset of another. However, it has two major issues: the function name `candidate` conflicts with the Python keyword and module name \"Python\", causing a NameError; the approach uses sets for efficient comparison but lacks input validation.\n\nCode\n----",
  "num_iterations": 6,
  "error_msg": "Traceback (most recent call last):\n  File \"/home/runner/sandbox/temp_code.py\", line 24, in <module>\n    assert candidate((10, 4, 5, 6), (5, 10)) == True\n           ^^^^^^^^^^^^^^^^^^^^^^^^^^^^^^^^^^^^^^^^^\nAssertionError\n\n",
  "success": false
}