{
  "task_id": 903,
  "code": "def candidate(n):\n    # Initialize count variable to store total unset bits\n    total_unset_bits = 0\n    \n    # Loop through numbers from 1 to n\n    for i in range(1, n+1):\n        # Convert number to binary and remove '0b' prefix\n        binary = bin(i)[2:]\n        \n        # Count the number of '0's (unset bits) in binary representation\n        total_unset_bits += binary.count('0')\n    \n    return total_unset_bits",
  "explanation": "**Explanation**\nThe `candidate` function calculates the total number of unset bits (0 bits) in binary representation of numbers from 1 to `n`. It uses bit manipulation techniques and loop to achieve this. The approach is simple, efficient, and easy to understand.\n\n**python**",
  "num_iterations": 1,
  "error_msg": null,
  "success": true
}