{
  "task_id": 779,
  "code": "def candidate(lst):\n    \"\"\"\n    Counts the number of unique lists within a list.\n    \n    Args:\n        lst (list): The input list containing sublists.\n    \n    Returns:\n        dict: A dictionary with sublists as keys and their counts as values.\n    \"\"\"\n\n    # Initialize an empty dictionary to store unique sublists\n    unique_sublists = {}\n\n    # Iterate over each sublist in the input list\n    for i, sublist in enumerate(lst):\n        # Convert the sublist to a tuple (since lists are not hashable) and sort its elements\n        sorted_tuple = tuple(sorted(sublist))\n\n        # Add the sorted tuple as a key in the dictionary (if it already exists, update its count)\n        unique_sublists[sorted_tuple] = unique_sublists.get(sorted_tuple, 0) + 1\n\n    # Return a dictionary with sublists as keys and their counts as values\n    return {sublist: count for sublist, count in unique_sublists.items()}",
  "explanation": "Explanation\n-----------\n\nThe provided code attempts to count the number of unique lists within a list by converting each sublist into a tuple (since lists are not hashable) and sorting its elements. However, the approach is incorrect and the variable names do not accurately reflect their purpose.\n\nThe main issue with the code is that it tries to return a dictionary with tuples as keys which is not allowed in Python. Additionally, the variable name 'python' is used outside of a function but within a comment which causes a NameError.\n\nTo correct this code, we need to rethink our approach and implement a more suitable solution.\n\nCode\n----",
  "num_iterations": 4,
  "error_msg": null,
  "success": true
}