{
  "task_id": 1,
  "code": "def candidate(cost, m, n):\n    # Initialize dp array with all values set to infinity except for dp[0][0]\n    dp = [[float('inf')] * (n + 1) for _ in range(m + 1)]\n    dp[0][0] = cost[0][0]\n\n    # Fill the first row and column of the dp array\n    for i in range(1, m + 1):\n        dp[i][0] = dp[i-1][0]\n    for j in range(1, n + 1):\n        dp[0][j] = dp[0][j-1]\n\n    # Fill the rest of the dp array\n    for i in range(1, m + 1):\n        for j in range(1, n + 1):\n            # Calculate the minimum cost to reach cell (i, j)\n            dp[i][j] = min(dp[i-1][j], dp[i][j-1]) + cost[i][j]\n\n    # Return the minimum cost to reach position (m, n)\n    return dp[m][n]",
  "explanation": "**EXPLANATION**\nThe original code attempts to fill in the dynamic programming table `dp` with the minimum cost to reach each cell `(i, j)` from the previous cells. However, it incorrectly initializes the first row and column of `dp` by adding the cost of the current cell to the cost of the previous cell instead of just using the cost of the previous cell.\n\n**python**",
  "num_iterations": 6,
  "error_msg": "Traceback (most recent call last):\n  File \"/home/runner/sandbox/temp_code.py\", line 21, in <module>\n    assert candidate([[1, 2, 3], [4, 8, 2], [1, 5, 3]], 2, 2) == 8\n           ^^^^^^^^^^^^^^^^^^^^^^^^^^^^^^^^^^^^^^^^^^^^^^^^^^^^^^^\nAssertionError\n\n",
  "success": false
}