{
  "task_id": 470,
  "code": "def candidate(*tuples):\n    \"\"\"\n    This function calculates the pairwise addition of elements from given tuples.\n    \n    Args:\n        *tuples: A variable number of tuples where each tuple contains two elements.\n    \n    Returns:\n        tuple: A tuple containing the sum of corresponding elements from adjacent pairs of tuples.\n    \"\"\"\n\n    # Check if input is empty\n    if not tuples:\n        return ()\n\n    # Initialize an empty list to store the sums\n    sums = []\n\n    # Iterate over each pair of adjacent tuples\n    for i in range(0, len(tuples), 2):\n        \n        # Check if there's a next tuple to add\n        if i+1 < len(tuples):  \n            total = sum(tuples[i]) + sum(tuples[i+1])\n        else:\n            total = sum(tuples[i]) \n\n        # Append the calculated sum to the list\n        sums.append(total)\n    \n    # Convert the list into a tuple (as per problem requirements) before returning it\n    return tuple(sums)",
  "explanation": "Explanation\n------------\n\nThe original code had a syntax error where it was trying to execute the function with `python` instead of calling it. It also had unnecessary and complex logic for calculating the pairwise sum of tuples.\n\nCode\n----",
  "num_iterations": 6,
  "error_msg": "Traceback (most recent call last):\n  File \"/home/runner/sandbox/temp_code.py\", line 34, in <module>\n    assert candidate((1, 5, 7, 8, 10)) == (6, 12, 15, 18)\n           ^^^^^^^^^^^^^^^^^^^^^^^^^^^^^^^^^^^^^^^^^^^^^^\nAssertionError\n\n",
  "success": false
}