{
  "task_id": 587,
  "code": "def candidate(input_list):\n    # Convert the input list to a tuple using the tuple() function.\n    output_tuple = tuple(input_list)\n    \n    # Return the resulting tuple.\n    return output_tuple",
  "explanation": "Explanation:\nThe `candidate` function is designed to take a list as input and return its equivalent tuple representation. This can be achieved by utilizing Python's built-in `tuple()` function, which converts an iterable (such as a list) into a tuple. The result will have the same elements as the original list but in a tuple format.\n\npython",
  "num_iterations": 1,
  "error_msg": null,
  "success": true
}