{
  "task_id": 132,
  "code": "# python\ndef candidate(tup):\n    # Convert the tuple to a list to preserve original order\n    # and then join its elements into a string with 'exercises'\n    return ''.join(str(element) for element in tup)",
  "explanation": "Explanation\n----------\n\nThe code provided attempts to convert a tuple into a string, but it fails because the function `candidate` is referenced in the test case before being defined. To fix this, we need to move the definition of `candidate` above the test cases.\n\nCode",
  "num_iterations": 5,
  "error_msg": null,
  "success": true
}