{
  "task_id": 519,
  "code": "import math\n\ndef candidate(a, b, c):\n    \"\"\"\n    Calculate the volume of a tetrahedron given the lengths of its three edges that meet at a vertex.\n    \n    Parameters:\n    a (float): Length of edge 1\n    b (float): Length of edge 2\n    c (float): Length of edge 3\n    \n    Returns:\n    float: Volume of the tetrahedron\n    \"\"\"\n    # Calculate area using Heron's formula for each face\n    s = (a + b + c) / 2\n    area_abc = math.sqrt(s * (s - a) * (s - b) * (s - c))\n    \n    # Calculate volume of tetrahedron formed by vectors\n    # Find the height h from vertex opposite to face ABC using dot product formula\n    cos_alpha = ((b**2 + c**2 - a**2)/(2*b*c))  #cos(\u03b8)\n    if cos_alpha < -1 or cos_alpha > 1:\n        raise ValueError(\"Invalid input\")\n    cos_angle = math.sqrt((a**2+b**2+c**2-2*a*b*math.cos(math.acos(cos_alpha))-2*(b**2+c**2-a**2)*math.cos(math.acos(cos_alpha))/(2*b*c)))#cos(\u03b1)\n    \n    # Height is calculated using dot product formula.\n    height = b * c * math.sin(math.acos(cos_angle)) / math.sqrt(a**2 + b**2 + c**2)\n    \n    volume = (1/3) * area_abc * height\n    \n    return volume",
  "explanation": "**Explanation**\nThe code provided has a logical error where it does not correctly calculate the volume of a tetrahedron. The issue lies in how the volume is calculated, which should be $(1/6) * a*b*c \\sin(\\theta)$, where $\\theta$ is the angle between edges $a$, $b$, and $c$. However, the code instead uses Heron's formula to find the area of the triangle formed by the three edges and then calculates the volume using this area.\n\nTo fix the issue, we need to correctly calculate the volume of the tetrahedron. This involves finding the height of the tetrahedron from one vertex to the opposite face.\n\n**python**",
  "num_iterations": 6,
  "error_msg": "Traceback (most recent call last):\n  File \"/home/runner/sandbox/temp_code.py\", line 33, in <module>\n    assert candidate(10)==117.85\n           ~~~~~~~~~^^^^\nTypeError: candidate() missing 2 required positional arguments: 'b' and 'c'\n\n",
  "success": false
}