{
  "task_id": 318,
  "code": "def candidate(n):\n    # Initialize maximum volume\n    max_volume = 0\n    \n    # Iterate over all possible side lengths\n    for i in range(1, n + 1):\n        for j in range(i, n + 1):\n            for k in range(j, n + 1):\n                # Check if the current combination forms a valid cuboid\n                if i + j + k == n:\n                    # Calculate and update maximum volume\n                    volume = i * j * k\n                    max_volume = max(max_volume, volume)\n                    \n    return max_volume",
  "explanation": "**Explanation**\nThe function `candidate` calculates the maximum volume of a cuboid with a given sum of its sides. It uses a brute force approach by iterating over all possible combinations of side lengths and checks if they can form a valid cuboid (i.e., their sum is equal to the given total length). The maximum volume found during this process is then returned.\n\n**python**",
  "num_iterations": 1,
  "error_msg": null,
  "success": true
}