{
  "task_id": 196,
  "code": "def candidate(lst, k):\n    # Initialize an empty set to store unique tuples\n    result = set()\n    \n    # Iterate over each tuple in the input list\n    for tup in lst:\n        # Check if the tuple has length k and is not empty\n        if len(tup) == k and tup:\n            # If it's a valid tuple, add it to the result set\n            result.add(tuple(tup))\n    \n    # Return the resulting set as a list\n    return [list(tup) for tup in result]",
  "explanation": "# Explanation\nThe original code attempts to remove tuples with length k by adding them to a set. However, this approach is incorrect because it adds the tuples as strings, not as lists. When we try to convert the string back to a list in the last line, it fails because there are no matching string representation of these tuples in Python's dictionary.\n\n# python",
  "num_iterations": 6,
  "error_msg": "Traceback (most recent call last):\n  File \"/home/runner/sandbox/temp_code.py\", line 15, in <module>\n    assert candidate([(4, 5), (4, ), (8, 6, 7), (1, ), (3, 4, 6, 7)] , 1) == [(4, 5), (8, 6, 7), (3, 4, 6, 7)]\n           ^^^^^^^^^^^^^^^^^^^^^^^^^^^^^^^^^^^^^^^^^^^^^^^^^^^^^^^^^^^^^^^^^^^^^^^^^^^^^^^^^^^^^^^^^^^^^^^^^^^\nAssertionError\n\n",
  "success": false
}