{
  "task_id": 380,
  "code": "def candidate(rows=0, cols=0):\n    \"\"\"\n    Generates a 2D array with the specified number of rows and columns.\n    \n    Args:\n        rows (int): Number of rows in the array. Defaults to 0.\n        cols (int): Number of columns in the array. Defaults to 0.\n        \n    Returns:\n        list: A 2D array as a list of lists.\n    \"\"\"\n    # Check if rows and cols are valid\n    if rows == 0 or cols == 0:\n        raise ValueError(\"Number of rows and columns must be greater than 0.\")\n    \n    # Create the 2D array with default values (in this case, 0)\n    return [[(i * cols) + j for j in range(cols)] for i in range(rows)]",
  "explanation": "**Explanation**\nThe code generated by the user is almost correct but has a logical error in generating the two-dimensional array. The current implementation calculates the values as `(i * cols) + j`, which results in an incorrect diagonal line of numbers instead of a matrix with increasing values from left to right and top to bottom.\n\nTo fix this, we need to adjust the calculation to increment `i` and `j` correctly within the nested loops. We also want to ensure that the first row starts at `0` and increments by `1`, not `cols`.\n\n**python**",
  "num_iterations": 6,
  "error_msg": "Traceback (most recent call last):\n  File \"/home/runner/sandbox/temp_code.py\", line 19, in <module>\n    assert candidate(3,4)==[[0, 0, 0, 0], [0, 1, 2, 3], [0, 2, 4, 6]]\n           ^^^^^^^^^^^^^^^^^^^^^^^^^^^^^^^^^^^^^^^^^^^^^^^^^^^^^^^^^^\nAssertionError\n\n",
  "success": false
}