{
  "task_id": 772,
  "code": "def candidate(s, k):\n    \"\"\"\n    Removes all words with length `k` from the input string.\n    \n    Parameters:\n    s (str): The input string.\n    k (int): The word length threshold.\n    \n    Returns:\n    str: The modified string with all words of length `k` removed. If no such words exist, returns an empty string.\n    \"\"\"\n    # Split the input string into words\n    words = s.split()\n    \n    # Filter out words with length equal to k and join them together\n    return ' '.join([word for word in words if len(word) != k]) or ''",
  "explanation": "Explanation\n-----------\nThe provided code attempts to filter out words with a specified length from an input string. However, it has a logical flaw in the list comprehension used for filtering. The `or [s]` condition will cause the function to return the original string even if no words match the specified length. This is because this condition evaluates to an empty list when no words meet the length criteria, and in Python, an empty list is considered \"falsy,\" meaning it's treated as False in a boolean context.\n\nCode\n-----",
  "num_iterations": 6,
  "error_msg": "empty compose file\n",
  "success": false
}