{
  "task_id": 333,
  "code": "def candidate(lst):\n    \"\"\"\n    Sorts a list of sublists based on the second element of each sublist.\n    \n    Args:\n        lst (list): A list of sublists.\n    \n    Returns:\n        list: The sorted list of sublists.\n    \"\"\"\n    return sorted(lst, key=lambda x: x[1])",
  "explanation": "**Explanation**\nThe function sorts a list of sublists based on the second element of each sublist. It uses Python's built-in sorting functionality and a lambda function as the key to specify that we want to sort based on the second element (index 1) of each sublist.\n\n**Python**",
  "num_iterations": 1,
  "error_msg": null,
  "success": true
}