{
  "task_id": 324,
  "code": "def candidate(iterable):\n    # Initialize sum variable to store the total\n    total_sum = 0\n    \n    # Iterate over pairs of elements in the iterable using step size 2\n    for i in range(0, len(iterable), 2):\n        if i + 1 < len(iterable):  \n            # Check if current pair exists in the iterable and add to sum\n            total_sum += iterable[i] + iterable[i+1]\n    \n    return (total_sum,)",
  "explanation": "# Explanation\nThe code was attempting to extract the sum of alternate chains of tuples from an iterable. However, it had several issues: using a range-based index instead of manual checks for tuple indices, and not properly checking if the current pair exists in the iterable.\n\n# python",
  "num_iterations": 6,
  "error_msg": "Traceback (most recent call last):\n  File \"/home/runner/sandbox/temp_code.py\", line 13, in <module>\n    assert candidate((5, 6, 3, 6, 10, 34)) == (46, 18)\n           ^^^^^^^^^^^^^^^^^^^^^^^^^^^^^^^^^^^^^^^^^^^\nAssertionError\n\n",
  "success": false
}