{
  "task_id": 909,
  "code": "def candidate(n):\n    # Function to check if a number is a palindrome\n    def is_palindrome(num):\n        return str(num) == str(num)[::-1]\n    \n    # Start from n-1 and keep decrementing until we find a palindrome\n    for i in range(n-1, -1, -1):\n        if is_palindrome(i):\n            return i",
  "explanation": "Explanation\n------------\n\nThe generated code attempts to find the previous palindrome of a specified number by first checking if the input number `n` is a palindrome. If it's not, it keeps decrementing until it finds a palindrome. However, this approach has a flaw: it only checks numbers smaller than `n` starting from `n-1`, which may miss the correct previous palindrome. \n\nThe error message indicates that the function is returning an incorrect result for a specific input.\n\nCode\n-----",
  "num_iterations": 3,
  "error_msg": null,
  "success": true
}