{
  "task_id": 786,
  "code": "def candidate(sorted_list, target):\n    \"\"\"\n    Locate the right insertion point for a specified value in sorted order.\n    \n    Args:\n        sorted_list (list): A sorted list of elements.\n        target: The value to be inserted into the sorted list.\n    \n    Returns:\n        int: The index where the target value should be inserted to maintain sorted order.\n    \"\"\"\n    low = 0\n    high = len(sorted_list) - 1\n    \n    while low <= high:\n        mid = (low + high) // 2\n        if sorted_list[mid] == target:\n            return mid\n        elif sorted_list[mid] < target:\n            low = mid + 1\n        else:\n            high = mid - 1\n    \n    # If the target is not found, return the index where it should be inserted.\n    return low",
  "explanation": "**Explanation**\nThe provided function implements the binary search algorithm to find the correct position for an element in a sorted list. This approach is efficient with a time complexity of O(log n), making it suitable for large datasets. The function takes two parameters: the sorted list and the target value.\n\n**python**",
  "num_iterations": 1,
  "error_msg": null,
  "success": true
}