{
  "task_id": 488,
  "code": "import math\n\ndef candidate(side_length, apothem):\n    # Calculate the area of a regular pentagon using side length and apothem\n    n = 5  # Number of sides in a pentagon\n    area = (n * side_length**2) / (4 * math.tan(math.pi/n))\n    \n    # Return the calculated area as a numerical value only\n    return area",
  "explanation": "Explanation\n-----------\n\nThe original code was almost correct but lacked the apothem as a required parameter, leading to a TypeError. The corrected code now includes the apothem as a required parameter and calculates the area using the formula for a regular pentagon.\n\nPython",
  "num_iterations": 6,
  "error_msg": "Traceback (most recent call last):\n  File \"/home/runner/sandbox/temp_code.py\", line 11, in <module>\n    assert candidate(5)==43.01193501472417\n           ~~~~~~~~~^^^\nTypeError: candidate() missing 1 required positional argument: 'apothem'\n\n",
  "success": false
}