{
  "task_id": 722,
  "code": "def candidate(students, min_height, max_width):\n    \"\"\"\n    Filter students based on their height and width.\n    \n    Args:\n        students (dict): Dictionary containing student names as keys and tuples of height and width as values.\n        min_height (float): Minimum allowed height.\n        max_width (int): Maximum allowed width.\n    \n    Returns:\n        dict: Filtered dictionary with only the students who meet the minimum height and maximum width criteria.\n    \"\"\"\n    # Initialize an empty dictionary to store filtered students\n    filtered_students = {}\n    \n    # Iterate over each student in the input dictionary\n    for student, info in students.items():\n        # Extract height and width from the student's information tuple\n        height, width = info\n        \n        # Check if the student meets both criteria (min_height and max_width)\n        if height >= min_height and width <= max_width:\n            # If they meet both criteria, add them to the filtered dictionary\n            filtered_students[student] = info\n    \n    # Return the filtered dictionary\n    return filtered_students",
  "explanation": "**Explanation**\nThe original code uses list comprehension to filter the dictionary, which is a valid approach. However, the error message indicates that the function is not correctly filtering the students based on their height and width. Specifically, it's filtering by the minimum allowed height but comparing the maximum allowed width with a single student's value, resulting in incorrect results.\n\n\n**python**",
  "num_iterations": 6,
  "error_msg": "Traceback (most recent call last):\n  File \"/home/runner/sandbox/temp_code.py\", line 29, in <module>\n    assert candidate({'Cierra Vega': (6.2, 70), 'Alden Cantrell': (5.9, 65), 'Kierra Gentry': (6.0, 68), 'Pierre Cox': (5.8, 66)},6.0,70)=={'Cierra Vega': (6.2, 70)}\n           ^^^^^^^^^^^^^^^^^^^^^^^^^^^^^^^^^^^^^^^^^^^^^^^^^^^^^^^^^^^^^^^^^^^^^^^^^^^^^^^^^^^^^^^^^^^^^^^^^^^^^^^^^^^^^^^^^^^^^^^^^^^^^^^^^^^^^^^^^^^^^^^^^^^^^^^^^^\nAssertionError\n\n",
  "success": false
}