{
  "task_id": 535,
  "code": "import math\n\ndef candidate(radius, height):\n    # Check for required arguments in the correct order\n    if radius is None or height is None:\n        raise ValueError(\"Both radius and height are required.\")\n\n    # Calculate the lateral surface area\n    lateral_area = 2 * math.pi * radius * height\n    \n    # Calculate half the area of the base\n    base_area = math.pi * (radius ** 2)\n    \n    # Use the surface choice parameter directly instead of a sub-function\n    return lateral_area + base_area if 'top' in str(radius).lower() else lateral_area",
  "explanation": "Explanation\n-----------\n\nThe generated code has several issues. The main problem is that it doesn't check if the `radius` and `height` arguments are provided in the correct order. This results in a `TypeError` when trying to access the `lower()` method of the product of `radius` and `height`. To fix this, we need to ensure that the function checks for the required arguments in the correct order.\n\nCode\n-----",
  "num_iterations": 6,
  "error_msg": "Traceback (most recent call last):\n  File \"/home/runner/sandbox/temp_code.py\", line 17, in <module>\n    assert candidate(10)==314.15000000000003\n           ~~~~~~~~~^^^^\nTypeError: candidate() missing 1 required positional argument: 'height'\n\n",
  "success": false
}