{
  "task_id": 616,
  "code": "def candidate(tup1, tup2):\n    # Initialize empty lists to store results\n    zero_count = 0\n    result_list = []\n    \n    # Iterate over elements from both tuples using zip function\n    for x, y in zip(tup1, tup2):\n        # Calculate the modulo and append it to the result list\n        result_list.append((x, y, x % y))\n        \n        # Check if any element is zero and increment count accordingly\n        if x % y == 0:\n            zero_count += 1\n    \n    return {\n        'zero_count': zero_count,\n        'result': result_list\n    }",
  "explanation": "**Explanation**\nThe original code attempts to perform the modulo operation on elements from two tuples using the `zip` function. However, it contains a syntax error where \"python\" is used as a keyword instead of defining a new function or variable named \"python\". The corrected version will define a new function named `candidate` that takes two tuples as input and returns a dictionary containing the count of zero results and the list of modulo operations.\n\n**Python**",
  "num_iterations": 6,
  "error_msg": "Traceback (most recent call last):\n  File \"/home/runner/sandbox/temp_code.py\", line 20, in <module>\n    assert candidate((10, 4, 5, 6), (5, 6, 7, 5)) == (0, 4, 5, 1)\n           ^^^^^^^^^^^^^^^^^^^^^^^^^^^^^^^^^^^^^^^^^^^^^^^^^^^^^^\nAssertionError\n\n",
  "success": false
}