{
  "task_id": 688,
  "code": "import math\n\ndef candidate(real, imag):\n    # Calculate the magnitude (length) of the complex number using Pythagorean theorem\n    magnitude = math.sqrt(real ** 2 + imag ** 2)\n    return magnitude",
  "explanation": "**Explanation**\nThe function will calculate the magnitude (length) of a complex number using the Pythagorean theorem. It takes two arguments: the real and imaginary parts of the complex number, representing the sides of a right triangle. The magnitude is calculated as the square root of the sum of the squares of these two sides.\n\n**python**",
  "num_iterations": 1,
  "error_msg": null,
  "success": true
}