{
  "task_id": 447,
  "code": "def candidate(lst):\n    \"\"\"\n    This function calculates the cube of each element in a given list.\n    \n    Args:\n        lst (list): A list of numbers.\n    \n    Returns:\n        list: A new list containing the cubes of all elements from the input list.\n    \"\"\"\n    # Define a lambda function that takes one argument and returns its cube\n    cubes = map(lambda x: x ** 3, lst)\n    \n    # Convert the map object to a list and return it\n    return list(cubes)",
  "explanation": "Explanation\n-----------\nThe code was trying to use the `python` keyword as a function name which is not allowed in Python. The approach used was correct but incorrectly named the function and tried to run it directly without calling it.\n\nCode\n-----",
  "num_iterations": 4,
  "error_msg": null,
  "success": true
}