{
  "task_id": 426,
  "code": "def candidate(iterable):\n    # Define a lambda function to check if a number is odd\n    is_odd = lambda x: x % 2 != 0\n    \n    # Use list comprehension to get only odd numbers\n    return [x for x in iterable if is_odd(x)]",
  "explanation": "**Explanation**\nThe code is trying to filter odd numbers from an iterable using a lambda function. However, the current implementation incorrectly uses the \"not\" keyword with the lambda function, which always returns False for any input. The approach should be to use the lambda function to check if a number is odd and return True if it is.\n\n**python**",
  "num_iterations": 3,
  "error_msg": null,
  "success": true
}