{
  "task_id": 596,
  "code": "import sys\n\ndef candidate(t):\n    # Check if input is a tuple\n    if not isinstance(t, tuple):\n        raise TypeError(\"Input must be a tuple\")\n    \n    # Calculate and return the size of the tuple\n    # The sys.getsizeof() function returns the size in bytes of an object \n    # including its metadata and contents.\n    return sys.getsizeof(t)",
  "explanation": "**Explanation**\nThe provided code attempts to calculate the size of a tuple by using the built-in `len()` function in Python. However, this approach only works for tuples containing immutable types and does not account for the memory occupied by the tuple's metadata or its contents. Additionally, it fails when the input is not a tuple.\n\n**python**",
  "num_iterations": 2,
  "error_msg": null,
  "success": true
}