{
  "task_id": 702,
  "code": "def candidate(arr, amax, k):\n    \"\"\"\n    Find the minimum number of elements that should be removed \n    from an array such that amax-amin<=k.\n    \n    Parameters:\n    arr (list): The input array.\n    amax (int): The maximum value in the array.\n    k (int): The target difference between max and min values.\n    \n    Returns:\n    int: The minimum number of elements that need to be removed.\n    \"\"\"\n    left, right = 0, len(arr) - 1\n    remove_count = 0\n    \n    while left < right:\n        # If the difference is greater than k, try to shrink one side\n        if amax - arr[left] > k:\n            remove_count += 1\n            left += 1\n        elif amax - arr[right] > k:\n            remove_count += 1\n            right -= 1\n        else:\n            # We can break here because we're shrinking the difference\n            break\n    \n    return remove_count",
  "explanation": "Explanation\n-----------\n\nThe provided function `candidate` is incorrect because it simply subtracts twice the difference between `amax` and `k` from the length of the array to calculate the minimum number of elements that need to be removed. However, this approach does not guarantee that the difference between the maximum and minimum values in the array will be less than or equal to `k`.\n\nThe correct approach is to iterate through the array from both ends (from the smallest element to the largest) and remove elements until the difference between the maximum and minimum values is less than or equal to `k`. If there are an odd number of elements, we can always remove one more element to make the difference even.\n\nCode",
  "num_iterations": 6,
  "error_msg": "Traceback (most recent call last):\n  File \"/home/runner/sandbox/temp_code.py\", line 31, in <module>\n    assert candidate([1, 3, 4, 9, 10,11, 12, 17, 20], 9, 4) == 5\n           ^^^^^^^^^^^^^^^^^^^^^^^^^^^^^^^^^^^^^^^^^^^^^^^^^^^^^\nAssertionError\n\n",
  "success": false
}