{
  "task_id": 708,
  "code": "def candidate(s):\n    # Use list comprehension to convert the string to a list of characters\n    return [char for char in s]",
  "explanation": "# Explanation\nThe original code attempts to convert a string to a list of characters by using slicing. However, the error message indicates that an `AssertionError` is raised due to an invalid Unicode escape sequence in the input string 'python program'. This happens because Python's slice notation can handle all Unicode encodings without errors.\n\n# python",
  "num_iterations": 6,
  "error_msg": "Traceback (most recent call last):\n  File \"/home/runner/sandbox/temp_code.py\", line 5, in <module>\n    assert candidate('python program') == ['python','program']\n           ^^^^^^^^^^^^^^^^^^^^^^^^^^^^^^^^^^^^^^^^^^^^^^^^^^^\nAssertionError\n\n",
  "success": false
}