{
  "task_id": 841,
  "code": "def candidate(arr, merge=False):\n    # Base case: if the array has zero elements, it has no inversions\n    if len(arr) == 0:\n        return 0\n    \n    # Base case: if the array has one element, it has no inversions\n    elif len(arr) == 1:\n        return 0\n    \n    # Split the array into two halves\n    mid = len(arr) // 2\n    left = arr[:mid]\n    right = arr[mid:]\n    \n    # Recursively count the number of inversions in the left and right subarrays\n    left_inversions = candidate(left, merge)\n    right_inversions = candidate(right, merge)\n    \n    # Merge the two sorted arrays and count the number of inversions\n    merged_inversions = 0\n    if merge:\n        merged_inversions = merge_and_count(left, right)\n    else:\n        return left_inversions + right_inversions\n    \n    # Return the total number of inversions\n    return left_inversions + right_inversions + merged_inversions\n\ndef merge_and_count(left, right):\n    # Initialize variables to keep track of the current position and the inversion count\n    i = j = inversions = 0\n    \n    # Merge the two sorted arrays and count the number of inversions\n    while i < len(left) and j < len(right):\n        if left[i] <= right[j]:\n            i += 1\n        else:\n            inversions += len(left) - i\n            j += 1\n    \n    # Return the total number of inversions\n    return inversions",
  "explanation": "**Explanation**\nThe code has a function `merge_and_count` that takes two lists as arguments. However, the function `candidate` is defined to take one list as an argument. The test case provided attempts to call `candidate` with two arguments (the array and the expected number of inversions), but `candidate` only expects one argument.\n\nTo fix this issue, we need to modify `candidate` to handle both cases. We can do this by adding another parameter to specify whether the function is counting inversions in a single subarray or merging two sorted arrays. We will also update the base case to return 0 for an empty array and 1 for an array with one element.\n\n**python**",
  "num_iterations": 2,
  "error_msg": null,
  "success": true
}