{
  "task_id": 240,
  "code": "def candidate(lst1, lst2):\n    # Create a copy of the first list to avoid modifying it directly\n    result_list = lst1.copy()\n    \n    # Check if the second list is longer than the first list\n    if len(lst2) > len(result_list):\n        raise ValueError(\"The second list cannot be longer than the first list\")\n        \n    # Replace the last element of the first list with the second list\n    result_list[-1] = lst2[:len(result_list)]\n    \n    return result_list",
  "explanation": "Explanation\n-----------\nThe original code attempted to create a function named `candidate` that takes two lists as input. However, it contained a print statement and was missing comments, which made it invalid for execution.\n\nCode\n-----",
  "num_iterations": 6,
  "error_msg": "Traceback (most recent call last):\n  File \"/home/runner/sandbox/temp_code.py\", line 14, in <module>\n    assert candidate([1, 3, 5, 7, 9, 10],[2, 4, 6, 8])==[1, 3, 5, 7, 9, 2, 4, 6, 8]\n           ^^^^^^^^^^^^^^^^^^^^^^^^^^^^^^^^^^^^^^^^^^^^^^^^^^^^^^^^^^^^^^^^^^^^^^^^\nAssertionError\n\n",
  "success": false
}