{
  "task_id": 958,
  "code": "def candidate(num):\n    # Define a dictionary mapping integers to Roman numerals\n    roman_numerals = {\n        1000: 'M', 900: 'CM', 500: 'D', 400: 'CD',\n        100: 'C', 90: 'XC', 50: 'L', 40: 'XL',\n        10: 'X', 9: 'IX', 5: 'V', 4: 'IV', 1: 'I'\n    }\n\n    # Initialize an empty string to store the Roman numeral\n    result = ''\n\n    # Iterate over the dictionary in descending order of values\n    for value, numeral in sorted(roman_numerals.items(), reverse=True):\n        # Subtract the largest possible value from the input and append the corresponding numeral\n        while num >= value:\n            num -= value\n            result += numeral\n\n    return result",
  "explanation": "**Explanation**\nThe `candidate` function takes an integer as input and returns its corresponding Roman numeral. The approach is to use a dictionary to map integers to their corresponding Roman numerals, then iteratively subtract the largest possible value from the input until it reaches 0. This way, we ensure that each numeral is used at most once.\n\n**python**",
  "num_iterations": 1,
  "error_msg": null,
  "success": true
}