{
  "task_id": 796,
  "code": "def candidate(input_dict):\n    # Initialize the sum variable to 0\n    total_sum = 0\n    \n    # Iterate over each key-value pair in the dictionary\n    for key, value in input_dict.items():\n        # Add the value to the total sum\n        total_sum += value\n    \n    # Return the total sum\n    return total_sum",
  "explanation": "Explanation\n-----------\n\nThis function calculates the sum of all values in a given dictionary. It uses a simple loop to iterate over each key-value pair in the dictionary and adds up their values.\n\nPython",
  "num_iterations": 1,
  "error_msg": null,
  "success": true
}