{
  "task_id": 964,
  "code": "def candidate(word):\n    # Check if the length of the word is even by using modulus operator\n    return len(word) % 2 == 0",
  "explanation": "Explanation:\nThis function takes a string as input and returns a boolean value indicating whether the length of the word is even or odd. It uses a simple if-else statement to determine this, with an explanatory comment explaining the logic behind it.\n\nPython",
  "num_iterations": 1,
  "error_msg": null,
  "success": true
}