{
  "task_id": 816,
  "code": "def candidate(tuples):\n    # Check if the input tuples are empty\n    if not tuples:\n        return ()\n\n    # Use list comprehension to create a new list with cleared tuples\n    cleared_tuples = [(0,) if isinstance(tup, tuple) else tup for tup in tuples]\n\n    # Return the list of cleared tuples as a tuple\n    return tuple(cleared_tuples)",
  "explanation": "Explanation\n-----------\n\n\nThe code provided attempts to create a function that clears the values of given tuples. However, it contains an incorrect reference to `python` and does not properly clear tuple values.\n\n\nThe corrected version uses a list comprehension to iterate through each element in the input tuples, checks if the element is a tuple, and replaces it with a new tuple containing only zeros if necessary.\n\n\nCode\n-----",
  "num_iterations": 6,
  "error_msg": "Traceback (most recent call last):\n  File \"/home/runner/sandbox/temp_code.py\", line 12, in <module>\n    assert candidate((1, 5, 3, 6, 8)) == ()\n           ^^^^^^^^^^^^^^^^^^^^^^^^^^^^^^^^\nAssertionError\n\n",
  "success": false
}