{
  "task_id": 230,
  "code": "def candidate(input_string, replacement_char):\n    # Replace all occurrences of blank spaces with the specified character\n    return input_string.replace(' ', replacement_char)",
  "explanation": "**Explanation**\nThe original code attempts to replace all occurrences of blank spaces with the specified character. However, it contains a syntax error where `replacement_char` should be used as the replacement character instead of itself. The function also needs to be defined within the test module so that its name can be referenced.\n\n**python**",
  "num_iterations": 2,
  "error_msg": null,
  "success": true
}