{
  "task_id": 197,
  "code": "def candidate(tuple1, tuple2):\n    # Calculate the minimum length between the two tuples to avoid index errors\n    min_len = min(len(tuple1), len(tuple2))\n    \n    # Initialize an empty list to store the results\n    products = []\n    \n    # Iterate over the range of the minimum length and calculate the product for each corresponding element\n    for i in range(min_len):\n        product = tuple1[i] ** tuple2[i]\n        # Append the product directly as it is\n        products.append(product)\n    \n    # If one tuple is longer than the other, append the remaining elements with 1 as the exponent\n    # Calculate products for the remaining elements and then extend the list\n    products += [tuple1[i] ** 1 for i in range(min_len, len(tuple1))]\n    products += [tuple2[i] ** 1 for i in range(min_len, len(tuple2))]\n    \n    # Return the list of products as a tuple\n    return tuple(products)",
  "explanation": "Explanation\n-----------\n\nThe provided code is attempting to calculate the exponentiation of two tuples element-wise. However, it has a few issues: \n\n- The calculation for the remaining elements in both tuples after the minimum length is not correct.\n- There are unnecessary conversions to strings and then back to integers.\n\nCode",
  "num_iterations": 4,
  "error_msg": null,
  "success": true
}