{
  "task_id": 466,
  "code": "def candidate(arr):\n    \"\"\"\n    Find the peak element in the given array.\n\n    Args:\n        arr (list): The input array.\n\n    Returns:\n        int: The index of the peak element.\n    \"\"\"\n\n    # Check if the array is empty or has only one element\n    if len(arr) < 2:\n        return -1  # Return -1 to indicate no peak element found\n\n    # Initialize minimum and maximum values from the array\n    left, right = 0, len(arr) - 1\n\n    while left <= right:\n        # Calculate middle index\n        mid = (left + right) // 2\n        \n        # If value at mid is greater than its neighbors, update max and min values accordingly\n        if (mid == 0 or arr[mid] >= arr[mid - 1]) and (mid == len(arr) - 1 or arr[mid] >= arr[mid + 1]):\n            return mid\n        elif mid > 0 and arr[mid] < arr[mid - 1]:\n            right = mid - 1\n        else:\n            left = mid + 1\n\n    # Return the peak value found\n    return -1  # Return -1 to indicate no peak element found",
  "explanation": "**Explanation**\nThe code is attempting to find the peak element in a given array by using binary search. However, there are several issues with the implementation. The main problem is that the function is not designed to handle cases where the input array has only one element or is empty. Additionally, when an element at the middle index is not greater than its neighbors, the approach does not correctly update the boundaries of the search range.\n\n**python**",
  "num_iterations": 6,
  "error_msg": "Traceback (most recent call last):\n  File \"/home/runner/sandbox/temp_code.py\", line 34, in <module>\n    assert candidate([1, 3, 20, 4, 1, 0], 6) == 2\n           ~~~~~~~~~^^^^^^^^^^^^^^^^^^^^^^^^\nTypeError: candidate() takes 1 positional argument but 2 were given\n\n",
  "success": false
}