{
  "task_id": 830,
  "code": "import math\n\ndef candidate(num, digits):\n    # Use exponentiation to create a power of 10 that is large enough\n    multiplier = 10 ** digits\n    \n    # Calculate the rounded value using the multiplier and math.ceil function\n    return math.ceil(num * multiplier) / multiplier",
  "explanation": "**Explanation**\nThe given code attempts to round up a number to specific digits by first extracting the integer and fractional parts of the input number. It then uses the `Decimal` module's `quantize` function with the `ROUND_UP` rounding mode to round up the fractional part, effectively rounding down the original number instead of up. The corrected code will now use the correct rounding direction.\n\n**python**",
  "num_iterations": 4,
  "error_msg": null,
  "success": true
}