{
  "task_id": 220,
  "code": "def candidate(s, n):\n    # Initialize counters for spaces, commas, and dots\n    space_count = 0\n    comma_count = 0\n    dot_count = 0\n\n    # Count occurrences of spaces, commas, and dots in the string\n    for char in s:\n        if char == ' ' or char == ',' or char == '.':\n            if (char == ' ' and space_count < n) or \\\n               (char == ',' and comma_count < n) or \\\n               (char == '.' and dot_count < n):\n                result = s[:space_count] + ':' + s[space_count+1:comma_count] + ':' + s[comma_count+1:dot_count] + ':' + s[dot_count+1:] if space_count > 0 and comma_count > 0 and dot_count > 0 else s\n                (space_count, comma_count, dot_count) = (0, 0, 0)\n            result += char\n        elif char == ' ': space_count += 1\n        elif char == ',': comma_count += 1\n        elif char == '.': dot_count += 1\n    \n    # Return the modified string\n    return result",
  "explanation": "**Explanation**\nThe code has a logical error. It increments the counter for spaces, commas, and dots every time it encounters a character of those types in the string. This is incorrect because we should only increment the count once per character. \n\nWe also need to reset the counts after each replacement.\n\nFinally, we don't return anything from the function when we encounter characters that aren't spaces, commas, or dots.\n\n**python**",
  "num_iterations": 6,
  "error_msg": "Traceback (most recent call last):\n  File \"/home/runner/sandbox/temp_code.py\", line 23, in <module>\n    assert candidate('Python language, Programming language.',2)==('Python:language: Programming language.')\n           ^^^^^^^^^^^^^^^^^^^^^^^^^^^^^^^^^^^^^^^^^^^^^^^^^^^^^^^^^^^^^^^^^^^^^^^^^^^^^^^^^^^^^^^^^^^^^^^^^\nAssertionError\n\n",
  "success": false
}