{
  "task_id": 744,
  "code": "def candidate(tup):\n    # Use a generator expression and conditional statement to check for None values\n    return all(x is not None for x in tup)",
  "explanation": "**Explanation**\nThe original code uses the `all()` function with a generator expression to check if all elements in the tuple are not `None`. However, this approach fails when the tuple contains a single `None` value. The issue is that `all()` requires all elements to be true, but if any element is false (i.e., `None`), it immediately returns `False`.\n\nTo fix this, we can use an alternative approach that checks for `None` explicitly.\n\n**Python**",
  "num_iterations": 6,
  "error_msg": "Traceback (most recent call last):\n  File \"/home/runner/sandbox/temp_code.py\", line 5, in <module>\n    assert candidate((10, 4, 5, 6, None)) == True\n           ^^^^^^^^^^^^^^^^^^^^^^^^^^^^^^^^^^^^^^\nAssertionError\n\n",
  "success": false
}