{
  "task_id": 98,
  "code": "import math\n\ndef candidate(numbers):\n    # Multiply all numbers together using math.prod\n    product = math.prod(numbers)\n    \n    # Calculate the average by dividing with list length\n    result = product / len(numbers)\n    \n    return result",
  "explanation": "**Explanation**\nThis function takes a list of numbers as input, multiplies all the numbers together using the `math.prod` function (available in Python 3.8+), then divides the result by the length of the list. The approach is to use the mathematical property that `(a * b) / n == (a / n) * (b / n)`.\n\n**python**",
  "num_iterations": 1,
  "error_msg": null,
  "success": true
}