{
  "task_id": 417,
  "code": "def candidate(tuples):\n    # Initialize an empty set to store common first elements\n    common_first_elements = set()\n\n    # Iterate over each tuple in the input list\n    for tup in tuples:\n        # If the set is empty, add the first element of the current tuple as a common element\n        if not common_first_elements:\n            common_first_elements.add(tup[0])\n        else:\n            # Check if the first element of the current tuple is present in the set of common elements\n            common_first_elements.discard(tup[0])\n\n    # Initialize an empty list to store the result\n    result = []\n\n    # Iterate over each tuple in the input list again\n    for tup in tuples:\n        # If the first element of the current tuple is in the set of common elements, add it to the result\n        if tup[0] in common_first_elements:\n            result.append((tup[0],) + tup[1:])\n\n    return result",
  "explanation": "Explanation\n================\n\nThe provided code attempts to find common first elements in a list of tuples. However, the approach is incorrect and leads to an infinite loop due to using `intersection_update` with a set containing only one element. The correct approach should be to check if the first element of each tuple is present in the set of common first elements.\n\nCode\n======",
  "num_iterations": 6,
  "error_msg": "Traceback (most recent call last):\n  File \"/home/runner/sandbox/temp_code.py\", line 25, in <module>\n    assert candidate([('x', 'y'), ('x', 'z'), ('w', 't')]) == [('x', 'y', 'z'), ('w', 't')]\n           ^^^^^^^^^^^^^^^^^^^^^^^^^^^^^^^^^^^^^^^^^^^^^^^^^^^^^^^^^^^^^^^^^^^^^^^^^^^^^^^^\nAssertionError\n\n",
  "success": false
}