{
  "task_id": 898,
  "code": "def candidate(lst, n):\n    \"\"\"\n    Extracts 'n' consecutive elements from a given list.\n    \n    Args:\n        lst (list): The input list.\n        n (int): The number of consecutive elements to extract.\n        \n    Returns:\n        list: A list containing 'n' consecutive elements from the input list.\n    \"\"\"\n    result = []\n    for i in range(len(lst)):\n        count = 1\n        for j in range(i + 1, min(i + n, len(lst))):\n            if lst[j] == lst[i] + (j - i):\n                count += 1\n            else:\n                break\n        if count >= n:\n            result.append(lst[i:i + n])\n    return result",
  "explanation": "Explanation\n-----------\n\nThe original code is attempting to extract 'n' consecutive elements from a given list. However, the approach used in the code is incorrect and leads to an infinite loop when finding consecutive elements. The corrected function will start the search for consecutive elements from each index of the list instead.\n\nCode\n----",
  "num_iterations": 6,
  "error_msg": "Traceback (most recent call last):\n  File \"/home/runner/sandbox/temp_code.py\", line 24, in <module>\n    assert candidate([1, 1, 3, 4, 4, 5, 6, 7],2)==[1, 4]\n           ^^^^^^^^^^^^^^^^^^^^^^^^^^^^^^^^^^^^^^^^^^^^^\nAssertionError\n\n",
  "success": false
}