{
  "task_id": 610,
  "code": "# python\ndef candidate(lst, k):\n    # Check if k is within bounds of the list\n    if k < 1 or k > len(lst):\n        raise ValueError(\"k is out of range\")\n    \n    # Use list slicing to create a new list with the kth element removed\n    return lst[:k-1] + lst[k:]",
  "explanation": "Explanation\n------------\n\nThe original code attempts to remove the k'th element from a list by using list slicing. However, this approach is incorrect because it tries to create a new list with elements before and after the k'th index, which would skip the k'th element itself.\n\nIn the correct implementation, we should use list slicing to get all elements up to the k-1th index and then concatenate them with all elements from the k+1th index onwards. However, since Python uses zero-based indexing, this means we should be getting elements up to the k'th index and concatenating with elements from the (k+1)th index.\n\nCode\n-----",
  "num_iterations": 3,
  "error_msg": null,
  "success": true
}