{
  "task_id": 939,
  "code": "python\ndef candidate(dict_list, key=None, reverse=False):\n    \"\"\"\n    Sorts a list of dictionaries based on specific keys.\n\n    Args:\n        dict_list (list): The list of dictionaries to be sorted.\n        key (str or int or list of str or int, optional): The key(s) to sort by. Defaults to None for all dictionary items.\n        reverse (bool, optional): If True, the sorting order is reversed. Defaults to False.\n\n    Returns:\n        list: The sorted list of dictionaries.\n    \"\"\"\n    \n    # Handle case where no key is provided\n    if key is None:\n        return sorted(dict_list, key=lambda x: tuple(x.items()), reverse=reverse)\n\n    # Check if a single key or multiple keys are provided\n    elif isinstance(key, (int, str)):\n        # If key is a string, use it directly as the sorting key\n        if isinstance(key, str):\n            return sorted(dict_list, key=lambda x: (x.get(key, float('-inf')), str(x)))\n        # If key is an integer, use it to access the dictionary value\n        else:\n            return sorted(dict_list, key=lambda x: (-x[key] if x[key] != 0 else float('inf'), str(x)))\n\n    elif isinstance(key, list):\n        # Sort based on each key in the list\n        return sorted(dict_list, key=lambda x: tuple((x.get(k, float('-inf')) for k in key) + (float('inf'),))",
  "explanation": "Explanation\n-----------\n\nThe code provided has a syntax error in the line where it attempts to use a lambda function with multiple operations. The closing parenthesis after `x.get(k, float('-inf'))` is missing.\n\nCode\n-----",
  "num_iterations": 6,
  "error_msg": "  File \"/home/runner/sandbox/temp_code.py\", line 30\n    return sorted(dict_list, key=lambda x: tuple((x.get(k, float('-inf')) for k in key) + (float('inf'),))\n                 ^\nSyntaxError: '(' was never closed\n\n",
  "success": false
}