{
  "task_id": 754,
  "code": "def candidate(list1, list2, list3):\n    # Find common elements between all three lists\n    common_elements = set(list1) & set(list2) & set(list3)\n    \n    # Initialize an empty dictionary to store the indices of common elements\n    index_dict = {}\n    \n    # Iterate over each common element and find its first occurrence in each list\n    for element in common_elements:\n        # Find the minimum index across all lists\n        min_index = float('inf')\n        min_index_list1 = next(i for i, x in enumerate(list1) if x == element)\n        min_index_list2 = next(i for i, x in enumerate(list2) if x == element)\n        min_index_list3 = next(i for i, x in enumerate(list3) if x == element)\n        \n        # Update the minimum index\n        min_index = min(min_index, min_index_list1, min_index_list2, min_index_list3)\n        \n        # Store the common index\n        index_dict[element] = min_index\n    \n    return list(index_dict.values())",
  "explanation": "Explanation\n----------\n\nThe original code has a logical error. It returns the index of each common element as soon as it is found in any list, which may not be the first occurrence in all lists. To fix this, we need to find the minimum index across all lists for each common element.\n\nCode\n----",
  "num_iterations": 6,
  "error_msg": "Traceback (most recent call last):\n  File \"/home/runner/sandbox/temp_code.py\", line 24, in <module>\n    assert candidate([1, 1, 3, 4, 5, 6, 7],[0, 1, 2, 3, 4, 5, 7],[0, 1, 2, 3, 4, 5, 7])==[1, 7]\n           ^^^^^^^^^^^^^^^^^^^^^^^^^^^^^^^^^^^^^^^^^^^^^^^^^^^^^^^^^^^^^^^^^^^^^^^^^^^^^^^^^^^^\nAssertionError\n\n",
  "success": false
}