{
  "task_id": 66,
  "code": "def candidate(lst):\n    # Initialize a counter variable to 0\n    count = 0\n    \n    # Iterate over each number in the list\n    for num in lst:\n        # Check if the number is positive\n        if num > 0:\n            # Increment the counter if the number is positive\n            count += 1\n    \n    # Return the total count of positive numbers\n    return count",
  "explanation": "**EXPLANATION**\nThis function takes a list of integers as input and returns the number of positive numbers in the list. It uses a simple for loop to iterate over each number in the list, checks if it's positive, and increments a counter variable if so.\n\n**PYTHON**",
  "num_iterations": 1,
  "error_msg": null,
  "success": true
}