{
  "task_id": 16,
  "code": "python\ndef candidate(s):\n    # Split the string into substrings separated by underscores\n    substrings = s.split('_')\n    \n    def find_sequences(substring, sequences, current_sequence=''):\n        if len(substring) == 0:\n            return [current_sequence]\n        \n        sequences_with_substring = []\n        for x in find_sequences(substring[1:], sequences, current_sequence + substring[0]):\n            # Add the current substring to each sequence\n            sequences_with_substring.append(x)\n        \n        sequences_without_substring = find_sequences(substring[1:], sequences, current_sequence)\n        \n        return sequences_with_substring + [x for x in sequences_without_substring if x != '']\n    \n    return ['_'.join(x) for x in find_sequences(substrings, [])]",
  "explanation": "Explanation\n-----------\n\n\nThe original code is attempting to find sequences of lowercase letters joined with an underscore. However, it contains several issues, including incorrect recursion logic and missing base cases.\n\n\nThe corrected function uses a recursive approach to find all possible sequences of lowercase letters in the input string `s`. It splits the string into substrings separated by underscores and then calls itself on each substring. The results are combined to form the final output.\n\n\nHere is the corrected code:",
  "num_iterations": 6,
  "error_msg": "Traceback (most recent call last):\n  File \"/home/runner/sandbox/temp_code.py\", line 1, in <module>\n    python\nNameError: name 'python' is not defined\n\n",
  "success": false
}