{
  "task_id": 913,
  "code": "def candidate(s, n):\n    \"\"\"\n    Checks if a number can be appended to the end of a string to equal that same number.\n    \n    Args:\n        s (str): The input string.\n        n (int): The target number.\n    \n    Returns:\n        bool: True if the number can be appended to the end of the string, False otherwise.\n    \"\"\"\n\n    # Check if s is a string and n is a positive integer\n    if not isinstance(s, str) or not isinstance(n, int) or n <= 0:\n        raise TypeError(\"Both s and n must be of the correct type\")\n\n    # Check if the length of s is less than or equal to the value of n\n    # If it's true, we can't append any number to make it equal\n    if len(s) <= n:\n        return False\n\n    # Convert s to a string of zeros to compare with n\n    s_zeros = '0' * len(n)\n\n    # Check if appending n to the end of s would equal n\n    return s.endswith(s_zeros)",
  "explanation": "**Explanation**\nThe provided code attempts to check if a number can be appended to the end of a string to equal that same number. However, it has incorrect logic and an incomplete check for the input type of `s` and `n`. \n\nThe error occurs because the function expects two arguments (`s` and `n`) but in the test case provided, only one argument is passed.\n\n**python**",
  "num_iterations": 6,
  "error_msg": "Traceback (most recent call last):\n  File \"/home/runner/sandbox/temp_code.py\", line 28, in <module>\n    assert candidate('abcdef')==False\n           ~~~~~~~~~^^^^^^^^^^\nTypeError: candidate() missing 1 required positional argument: 'n'\n\n",
  "success": false
}