{
  "task_id": 579,
  "code": "def candidate(t1, t2):\n    # Initialize two sets to store unique elements from each tuple\n    set1 = set(t1)\n    set2 = set(t2)\n\n    # Find common elements in both sets\n    similar_elements = set1 & set2\n\n    # Remove common elements and duplicates from the result\n    dissimilar = (set1 - similar_elements) | (set2 - similar_elements) | list(similar_elements)\n\n    return sorted(dissimilar)",
  "explanation": "Explanation\n-----------\n\nThe original code attempts to find dissimilar elements in two tuples by first finding common elements and then removing them from the result. However, this approach is incorrect because it does not consider all possible combinations of similar and dissimilar elements.\n\nCode\n-----",
  "num_iterations": 6,
  "error_msg": "Traceback (most recent call last):\n  File \"/home/runner/sandbox/temp_code.py\", line 14, in <module>\n    assert candidate((3, 4, 5, 6), (5, 7, 4, 10)) == (3, 6, 7, 10)\n           ~~~~~~~~~^^^^^^^^^^^^^^^^^^^^^^^^^^^^^\n  File \"/home/runner/sandbox/temp_code.py\", line 10, in candidate\n    dissimilar = (set1 - similar_elements) | (set2 - similar_elements) | list(similar_elements)\n                 ~~~~~~~~~~~~~~~~~~~~~~~~~~~~~~~~~~~~~~~~~~~~~~~~~~~~~~^~~~~~~~~~~~~~~~~~~~~~~~\nTypeError: unsupported operand type(s) for |: 'set' and 'list'\n\n",
  "success": false
}