{
  "task_id": 627,
  "code": "def candidate(nums, start, end):\n    # Sort the array in ascending order\n    nums.sort()\n    \n    # Iterate through the sorted array to find gaps and their corresponding smallest missing numbers\n    for i in range(start, end + 1):\n        if i not in nums:\n            # Return the smallest possible missing number by starting from the next expected number\n            return i\n    \n    # If no missing number is found within the specified range, return None\n    return None",
  "explanation": "Explanation\n-----------\n\n\nThe code provided has a logical error. It does not handle the case where there are multiple missing numbers in the array. The function is currently designed to return the smallest possible missing number as soon as it encounters a gap greater than 1 between two adjacent elements.\n\n\nSince the input to the `candidate` function should be three arguments - an array of numbers and two integers representing the start and end indices of the array, the issue arises from how Python handles variable length argument lists. The code provided expects only one positional argument which is not handled correctly in this case.\n\n\nTo fix the error, we need to modify the `candidate` function to accept three arguments and return a single value (in this case, an integer) that solves the problem.\n\n\nCode\n-----",
  "num_iterations": 6,
  "error_msg": "Traceback (most recent call last):\n  File \"/home/runner/sandbox/temp_code.py\", line 14, in <module>\n    assert candidate([0,1,2,3],0,3) == 4\n           ^^^^^^^^^^^^^^^^^^^^^^^^^^^^^\nAssertionError\n\n",
  "success": false
}