{
  "task_id": 308,
  "code": "def candidate(n, nums1, nums2):\n    # Initialize an empty set to store unique products\n    products = set()\n    \n    # Iterate through each element in the first list\n    for num1 in nums1:\n        # If nums2 is an iterable with multiple elements, treat it as such; otherwise, multiply by a single value\n        if isinstance(nums2, (list, tuple)):\n            product = num1 * sum(nums2)\n        else:\n            product = num1 * nums2\n        \n        # Add the product to the set\n        products.add(product)\n    \n    # Sort the unique products in descending order and return the top N products\n    return sorted(list(products), reverse=True)[:n]",
  "explanation": "Explanation\n-----------\n\nThe original code attempts to calculate the products of elements from two lists. However, it does not correctly handle cases where `nums2` is an integer or a single element in the list. The code also includes unnecessary checks and iterations, leading to inefficiency.\n\nTo fix these issues, we need to modify the function to properly handle `nums2` as either a list or an integer, and improve its performance by reducing unnecessary checks and iterations.\n\nCode\n----",
  "num_iterations": 6,
  "error_msg": "Traceback (most recent call last):\n  File \"/home/runner/sandbox/temp_code.py\", line 19, in <module>\n    assert candidate([1, 2, 3, 4, 5, 6],[3, 6, 8, 9, 10, 6],3)==[60, 54, 50]\n           ~~~~~~~~~^^^^^^^^^^^^^^^^^^^^^^^^^^^^^^^^^^^^^^^^^^\n  File \"/home/runner/sandbox/temp_code.py\", line 17, in candidate\n    return sorted(list(products), reverse=True)[:n]\n           ~~~~~~~~~~~~~~~~~~~~~~~~~~~~~~~~~~~~^^^^\nTypeError: slice indices must be integers or None or have an __index__ method\n\n",
  "success": false
}