{
  "task_id": 108,
  "code": "import heapq\n\ndef candidate(*iterables):\n    \"\"\"\n    Merge multiple sorted inputs into a single sorted iterator using heap queue algorithm.\n    \n    Args:\n        *iterables: Variable number of sorted iterables to merge.\n        \n    Yields:\n        The smallest element from all input iterables, in ascending order.\n    \"\"\"\n    # Create a min heap from the first iterable\n    min_heap = []\n    \n    # Iterate over the iterables and their indices\n    for i, iterable in enumerate(iterables):\n        # If this is not the first iterable, check if it's empty\n        if i > 0:\n            try:\n                next(iter(iterable))\n            except StopIteration:\n                raise ValueError(f\"Iterable {i+1} is empty\")\n        \n        # Add all elements from the current iterable to the heap\n        for val in iterable:\n            heapq.heappush(min_heap, (val, i, 0))\n    \n    # Repeatedly extract the smallest element from the heap\n    while min_heap:\n        val, iter_idx, elem_idx = heapq.heappop(min_heap)\n        yield val\n        \n        # Push the next element from the current iterable onto the heap\n        if elem_idx + 1 < len(iterables[iter_idx]):\n            heapq.heappush(min_heap, (next(iterables[iter_idx][elem_idx+1]), iter_idx, elem_idx + 1))",
  "explanation": "Explanation\n------------\n\nThe original code attempts to use a heap queue algorithm to merge multiple sorted inputs into a single sorted iterator. However, the approach is incorrect and leads to an infinite loop due to not pushing elements back onto the heap after they are popped off.\n\nCode\n-----",
  "num_iterations": 6,
  "error_msg": "Traceback (most recent call last):\n  File \"/home/runner/sandbox/temp_code.py\", line 38, in <module>\n    assert candidate([25, 24, 15, 4, 5, 29, 110],[19, 20, 11, 56, 25, 233, 154],[24, 26, 54, 48])==[4, 5, 11, 15, 19, 20, 24, 24, 25, 25, 26, 29, 48, 54, 56, 110, 154, 233]\n           ^^^^^^^^^^^^^^^^^^^^^^^^^^^^^^^^^^^^^^^^^^^^^^^^^^^^^^^^^^^^^^^^^^^^^^^^^^^^^^^^^^^^^^^^^^^^^^^^^^^^^^^^^^^^^^^^^^^^^^^^^^^^^^^^^^^^^^^^^^^^^^^^^^^^^^^^^^^^^^^^^\nAssertionError\n\n",
  "success": false
}