{
  "task_id": 973,
  "code": "def candidate(s, num_positions):\n    # Calculate the effective number of positions to rotate, \n    # considering cases where num_positions exceeds the string length\n    effective_num_positions = num_positions % len(s)\n    \n    # Use Python's slicing feature to perform left rotation\n    return s[effective_num_positions:] + s[:effective_num_positions]",
  "explanation": "**Explanation**\nThis function takes a string and an integer as input, performs a left rotation of the string by the specified number of positions, and returns the result. The approach used here is simple string slicing. This function can handle strings of any length and positive integer rotations.",
  "num_iterations": 1,
  "error_msg": null,
  "success": true
}