{
  "task_id": 118,
  "code": "def candidate(s):\n    # Split the input string into a list using space as delimiter\n    return s.split()",
  "explanation": "**Explanation**\nThis function uses the built-in `split()` method of Python strings, which splits a string into a list where each word is a list item. The function takes one argument, `s`, which is the input string to be converted. It returns the resulting list.\n\n**python**",
  "num_iterations": 1,
  "error_msg": null,
  "success": true
}