{
  "task_id": 667,
  "code": "def candidate(s):\n    \"\"\"\n    Counts the total number of vowels in a single input string.\n    \n    Args:\n        s (str): Input string.\n    \n    Returns:\n        int: Count of vowels in the input string.\n    \"\"\"\n    # Initialize counter for vowels\n    vowel_count = 0\n    \n    # Define vowels (both lowercase and uppercase)\n    vowels = 'aeiouAEIOU'\n    \n    # Iterate over each character in the string\n    for char in s:\n        # Check if character is a vowel\n        if char in vowels:\n            # Increment counter if it's a vowel\n            vowel_count += 1\n    \n    # Return the count of vowels\n    return vowel_count",
  "explanation": "**Explanation**\nThe original code does not handle multiple strings correctly. It only counts the vowels in the first string provided and ignores the rest. We need to modify it to count vowels from all input strings.",
  "num_iterations": 6,
  "error_msg": "Traceback (most recent call last):\n  File \"/home/runner/sandbox/temp_code.py\", line 27, in <module>\n    assert candidate('corner','AaEeIiOoUu') == 2\n           ~~~~~~~~~^^^^^^^^^^^^^^^^^^^^^^^\nTypeError: candidate() takes 1 positional argument but 2 were given\n\n",
  "success": false
}