{
  "task_id": 178,
  "code": "# python\ndef candidate(input_string, *targets):\n    \"\"\"\n    Searches for literal targets within an input string.\n\n    Args:\n        input_string (str): The string to search in.\n        *targets (str): Variable number of target strings to search for.\n\n    Returns:\n        str: 'Matched!' if any target is found, otherwise the original input string.\n    \"\"\"\n\n    # Convert input_string to string if necessary\n    input_string = str(input_string)\n\n    # Iterate over each target\n    for target in targets:\n        # Find all occurrences of the target\n        indices = [i for i in range(len(input_string)) if input_string.startswith(target, i)]\n\n        # If any occurrence is found, return 'Matched!'\n        if indices:\n            return 'Matched!'\n\n    # Return the original input string if no targets are found\n    return input_string",
  "explanation": "Explanation\n-----------\n\nThe given code has several issues. The main problem is that the function returns immediately when a target string is found, without checking if there are more occurrences of that target in the input string. This can lead to incorrect results if the same target appears multiple times in the input string.\n\nAdditionally, the function does not handle non-string inputs correctly and converts them to strings using `str()`. This can lead to unexpected behavior if the input is not a string.\n\nFinally, the test case provided tries to assert that the function returns `'Matched!'` for a single target string, but this is incorrect because the function should return `'Matched!'` whenever it finds any of the target strings in the input string.\n\nCode",
  "num_iterations": 6,
  "error_msg": "Traceback (most recent call last):\n  File \"/home/runner/sandbox/temp_code.py\", line 29, in <module>\n    assert candidate(['language'],'python language')==('Matched!')\n           ^^^^^^^^^^^^^^^^^^^^^^^^^^^^^^^^^^^^^^^^^^^^^^^^^^^^^^^\nAssertionError\n\n",
  "success": false
}