{
  "task_id": 544,
  "code": "def candidate(tuple_list):\n    # Extract all elements from each tuple in the list\n    elements = [element for tup in tuple_list for element in tup]\n    \n    # Join all elements into a single string\n    return ' '.join(elements)",
  "explanation": "Explanation\n-----------\n\nThe provided code attempts to flatten a list of tuples into a single string. However, the function is not explicitly named `candidate`, which causes an error when trying to use it as a test case. To fix this, we can simply rename the function to `candidate`.\n\nCode",
  "num_iterations": 4,
  "error_msg": null,
  "success": true
}