{
  "task_id": 514,
  "code": "python\ndef candidate(tuples_list):\n    \"\"\"\n    This function calculates the summation of all elements in a given list of tuples.\n    \n    Args:\n        tuples_list (list): A list containing tuples.\n        \n    Returns:\n        dict: A dictionary where keys are original indices and values are sums of their corresponding tuple elements.\n    \"\"\"\n\n    # Initialize an empty dictionary to store results\n    result = {}\n    \n    # Iterate over tuples in the input list along with their index\n    for i, tup in enumerate(tuples_list):\n        \n        # Check if current element is a tuple\n        if not isinstance(tup, tuple):\n            raise ValueError(f\"Non-tuple element '{tup}' found at index {i}\")\n        \n        # Calculate sum of elements in current tuple using map()\n        # The map() function applies a given function to each item of an iterable (like a tuple or list) and returns a map object.\n        # We use the int() function to convert all values into integers before calculating their sum\n        tup_sum = sum(map(int, tup))\n        \n        # Store calculated sum as value and original index as key in result dictionary\n        result[i] = tup_sum\n    \n    return result",
  "explanation": "Explanation\n-----------\n\nThe code generated by the user has several issues. The function `candidate` returns a dictionary with original indices as keys and sums of tuple elements as values. However, it does not handle cases where the input list contains non-tuple elements. Also, there is no error handling for potential exceptions that may occur during execution.\n\nCode\n----",
  "num_iterations": 6,
  "error_msg": "Traceback (most recent call last):\n  File \"/home/runner/sandbox/temp_code.py\", line 1, in <module>\n    python\nNameError: name 'python' is not defined\n\n",
  "success": false
}