{
  "task_id": 919,
  "code": "def candidate(numbers):\n    # Initialize the accumulator to 1\n    result = 1\n    \n    # Iterate over each number in the list\n    for num in numbers:\n        # Multiply the current number with the accumulator\n        result *= num\n    \n    # Return the final product\n    return result",
  "explanation": "**Explanation**\nThe `candidate` function takes a list of numbers as input and returns their product. It uses a simple loop to iterate over the list, multiplying each number with the accumulator (initially set to 1). This approach ensures that the function works correctly for lists containing non-numeric values.\n\n**python**",
  "num_iterations": 1,
  "error_msg": null,
  "success": true
}