{
  "task_id": 502,
  "code": "def candidate(a, b):\n    # Calculate the remainder of a and b using the modulus operator\n    result = a % b\n    \n    # Return the calculated remainder\n    return result",
  "explanation": "Explanation\n-----------\n\nThe given code is intended to calculate the remainder of two numbers. However, it has a logical error. The current implementation will always return the difference between `a` and `b`, not the remainder. To fix this issue, we can use the modulus operator (`%`) instead of subtraction.\n\nCode",
  "num_iterations": 2,
  "error_msg": null,
  "success": true
}