{
  "task_id": 181,
  "code": "def candidate(*strings):\n    \"\"\"\n    Finds the longest common prefix in a given set of strings.\n    \n    Args:\n        *strings (str): A variable number of strings\n    \n    Returns:\n        str: The longest common prefix\n    \"\"\"\n\n    # Check if input list is empty\n    if not strings:\n        return \"\"\n\n    # Initialize an empty prefix\n    prefix = \"\"\n\n    # Iterate over each character position in the first string\n    for i, char in enumerate(strings[0]):\n        # Use zip to iterate over all strings simultaneously\n        # This ensures that we're comparing corresponding characters\n        chars = [s[i] if s else '' for s in strings]\n        if not any(chars):\n            break\n        prefix += char\n\n    return prefix",
  "explanation": "**EXPLANATION**\nThe code was attempting to find the longest common prefix among a given set of strings. However, it contained an error when checking for empty characters in the zip function. The bug occurred because the * operator unpacks all input arguments, including integers, and passes them to the function. This caused the zip function to receive an integer instead of a string, resulting in the TypeError.\n\nThe corrected code now checks if each character is not an empty string before adding it to the prefix, ensuring that only strings are processed correctly.\n\n**python**",
  "num_iterations": 6,
  "error_msg": "Traceback (most recent call last):\n  File \"/home/runner/sandbox/temp_code.py\", line 30, in <module>\n    assert candidate([\"tablets\", \"tables\", \"taxi\", \"tamarind\"], 4) == 'ta'\n           ~~~~~~~~~^^^^^^^^^^^^^^^^^^^^^^^^^^^^^^^^^^^^^^^^^^^^^^\n  File \"/home/runner/sandbox/temp_code.py\", line 23, in candidate\n    chars = [s[i] if s else '' for s in strings]\n             ~^^^\nTypeError: 'int' object is not subscriptable\n\n",
  "success": false
}