{
  "task_id": 158,
  "code": "def candidate(nums, k, target):\n    \"\"\"\n    This function calculates the total operations required to make all elements equal.\n    \n    Parameters:\n        nums (list): The list of numbers.\n        k (int): The offset for each number in the list.\n        target (int): The target value.\n        \n    Returns:\n        int: The total operations required to make all elements equal.\n    \"\"\"\n    # Sort the list and find the median\n    sorted_nums = sorted([num + k for num in nums])\n    \n    # Initialize a variable to store the total operations\n    total_operations = 0\n    \n    # Calculate absolute differences from each element\n    for i, num in enumerate(sorted_nums):\n        if i % 2 == 0:\n            total_operations += (target - num)\n        else:\n            total_operations += (num - target)\n    \n    return total_operations",
  "explanation": "**Explanation**\nThe code has a logical error. The function `candidate` is taking three parameters (`nums`, `k`, and implicitly the target value), but it's not passing the target value as an argument. We need to modify the function to take all necessary parameters explicitly.\n\n**python**",
  "num_iterations": 6,
  "error_msg": "Traceback (most recent call last):\n  File \"/home/runner/sandbox/temp_code.py\", line 29, in <module>\n    assert candidate([4,2,6,8],4,3) == -1\n           ^^^^^^^^^^^^^^^^^^^^^^^^^^^^^^\nAssertionError\n\n",
  "success": false
}