{
  "task_id": 542,
  "code": "import re\n\ndef candidate(s):\n    # Define the replacement pattern\n    pattern = r'\\s|,|\\.'\n    \n    # Replace all occurrences with a colon\n    s = re.sub(pattern, ':', s)\n    \n    return s",
  "explanation": "**Explanation**\nThe provided Python function `candidate` uses regular expressions to replace all occurrences of spaces, commas, and dots with a colon in the given string. It leverages the built-in `re.sub()` function to achieve this, which replaces specified patterns in a string. The approach is efficient, straightforward, and easy to understand.\n\n**python**",
  "num_iterations": 1,
  "error_msg": null,
  "success": true
}