{
  "task_id": 484,
  "code": "def candidate(tuple1, tuple2):\n    \"\"\"\n    Removes matching tuples from two given tuples.\n    \n    Args:\n        tuple1 (tuple): The first tuple to remove elements from.\n        tuple2 (tuple): The second tuple to remove elements from.\n        \n    Returns:\n        tuple: A new tuple containing the remaining elements of tuple1 after removing matching elements with tuple2.\n    \"\"\"\n    # Create a copy of the original tuples to avoid modifying them directly\n    result_tuple1 = list(tuple1)\n    result_tuple2 = list(tuple2)\n\n    # Iterate through each element of tuple1\n    for i, element in enumerate(result_tuple1):\n        # Check if the element exists in tuple2\n        if element in result_tuple2:\n            # Remove the element from tuple2\n            result_tuple2.remove(element)\n            # Replace it with a placeholder value to track its removal\n            result_tuple1[i] = 'X'\n\n    # Filter out the placeholder values and return the new tuple\n    return [element for element in result_tuple1 if element != 'X']",
  "explanation": "**Explanation**\nThe original code is attempting to remove matching elements from two tuples. However, it has a logical error where it removes all occurrences of an element instead of just one. This issue arises due to the incorrect indexing and replacement approach in the code.\n\n**python**",
  "num_iterations": 4,
  "error_msg": null,
  "success": true
}