{
  "task_id": 908,
  "code": "# python\ndef candidate(arr, target):\n    \"\"\"\n    Find the fixed point in the given array.\n    \n    A fixed point is an element that is equal to its 1-based index.\n    For example, in the array [3, 0, 1], the fixed point is 2 (index 2).\n    \n    Args:\n        arr (list): The input array.\n        target (int): The target value for testing.\n    \n    Returns:\n        int: The index of the fixed point if found, -1 otherwise.\n    \"\"\"\n    # Iterate through the array from left to right\n    for i in range(len(arr)):\n        # Skip the first element (since indexing starts at 0)\n        if i == 0:\n            continue\n        \n        # Check if the current element is equal to its index\n        if arr[i] == i + 1:\n            return i\n    \n    # If the loop completes without finding a fixed point, return -1\n    return -1",
  "explanation": "Explanation\n-----------\n\nThe original code had several issues. The most significant issue was the incorrect updating of the target value. The correct approach is to directly update `arr[target]` instead of storing it in a temporary variable. Another issue was that the loop could go out of bounds, as indicated by the line `target < len(arr)`. This should be changed to only iterate up to `target`.\n\nExplanation continued...",
  "num_iterations": 6,
  "error_msg": "Traceback (most recent call last):\n  File \"/home/runner/sandbox/temp_code.py\", line 29, in <module>\n    assert candidate([-10, -1, 0, 3, 10, 11, 30, 50, 100],9) == 3\n           ^^^^^^^^^^^^^^^^^^^^^^^^^^^^^^^^^^^^^^^^^^^^^^^^^^^^^^\nAssertionError\n\n",
  "success": false
}