{
  "task_id": 339,
  "code": "def candidate(n, max_n):\n    \"\"\"\n    Find the maximum occurring divisor in an interval.\n\n    Args:\n        n (int): The upper limit of the interval.\n        max_n (int): The maximum value that can be a divisor.\n\n    Returns:\n        int: The maximum occurring divisor in the interval.\n    \"\"\"\n\n    # Initialize variables to keep track of the maximum divisor and its frequency\n    max_divisor = 0\n    \n    # Iterate through numbers from 1 to n (inclusive)\n    for i in range(1, min(n + 1, max_n + 1)):\n        # Check if the current number is a divisor of n\n        count = sum(1 for j in range(1, int(i ** 0.5) + 1) if i % j == 0 or j % i == 0)\n        \n        # Update max_divisor and max_count if necessary\n        if count > 1:\n            max_divisor = i\n\n    return max_divisor",
  "explanation": "**Explanation**\nThe code has an incorrect condition in the if statement to update `max_divisor`. It should compare `count` with a value greater than 1 instead of just checking for non-zero values. This ensures that the function only updates `max_divisor` when it finds a divisor with a frequency greater than 1.\n\n**python**",
  "num_iterations": 6,
  "error_msg": "Traceback (most recent call last):\n  File \"/home/runner/sandbox/temp_code.py\", line 27, in <module>\n    assert candidate(2,2) == 2\n           ^^^^^^^^^^^^^^^^^^^\nAssertionError\n\n",
  "success": false
}