{
  "task_id": 186,
  "code": "import re\n\ndef candidate(s, *patterns):\n    \"\"\"\n    Searches for literals in a string using regex.\n\n    Args:\n        s (str): The input string to search in.\n        *patterns: Variable number of patterns to match.\n\n    Returns:\n        list: A list of all matches found in the string.\n    \"\"\"\n    # Join all patterns into a single regex pattern\n    pattern = '|'.join(patterns)\n    \n    # Use re.findall to find all occurrences of the pattern\n    return re.findall(pattern, s)\n\n# Example usage:\nprint(candidate(\"Hello world\", \"world\"))  # Output: ['world']\nprint(candidate(\"Hello world\", \"foo\", \"bar\"))  # Output: []",
  "explanation": "**Explanation**\nThis function uses regular expressions to search for specific literals in a given string. It defines three possible patterns and returns all matches or an empty list if no match is found.\nThe approach used here is simple and efficient, making it suitable for most use cases.\n\n**python**",
  "num_iterations": 6,
  "error_msg": "Traceback (most recent call last):\n  File \"/home/runner/sandbox/temp_code.py\", line 24, in <module>\n    assert candidate('The quick brown fox jumps over the lazy dog.',['fox']) == 'Matched!'\n           ~~~~~~~~~^^^^^^^^^^^^^^^^^^^^^^^^^^^^^^^^^^^^^^^^^^^^^^^^^^^^^^^^\n  File \"/home/runner/sandbox/temp_code.py\", line 15, in candidate\n    pattern = '|'.join(patterns)\nTypeError: sequence item 0: expected str instance, list found\n\n",
  "success": false
}