{
  "task_id": 568,
  "code": "# python\ndef candidate(n):\n    \"\"\"\n    Creates a list of empty dictionaries.\n    \n    Args:\n        n (int): The number of dictionaries in the list.\n    \n    Returns:\n        list: A list of empty dictionaries.\n    \"\"\"\n    return [dict() for _ in range(n)]",
  "explanation": "Explanation\n----------\n\nThe original code was correct but lacked the function definition. The test case assertion was incorrect because it tried to compare a list with a single dictionary repeated four times. We need to create a list of dictionaries instead.\n\nCode",
  "num_iterations": 2,
  "error_msg": null,
  "success": true
}