{
  "task_id": 21,
  "code": "def candidate(m, n):\n    # Initialize an empty list to store multiples\n    multiples = []\n    \n    # Calculate the upper limit for generating multiples\n    limit = m * n\n    \n    # Use list comprehension to generate multiples of n up to limit\n    for i in range(1, m + 1):\n        multiple = i * n\n        if multiple <= limit:\n            multiples.append(multiple)\n    \n    return multiples",
  "explanation": "Explanation\n-----------\nThe original code attempts to calculate multiples of `n` but incorrectly checks for divisibility. Instead of using `(i * n) % n == 0`, we should use `i * n % n == 0`. Additionally, the code does not generate enough multiples.\n\nCode",
  "num_iterations": 3,
  "error_msg": null,
  "success": true
}