{
  "task_id": 742,
  "code": "import math\n\ndef candidate(a, b, c):\n    \"\"\"\n    Calculate the area of one face of a tetrahedron given its edge lengths.\n    \n    Parameters:\n    a (float): Length of one edge of the tetrahedron.\n    b (float): Length of another edge of the tetrahedron.\n    c (float): Length of the third edge of the tetrahedron.\n    \n    Returns:\n    float: The area of one face of the tetrahedron.\n    \"\"\"\n    # Check if all edges can form a valid triangle with each other\n    if not (a + b > c and a + c > b and b + c > a):\n        raise ValueError(\"The edge lengths cannot form a valid tetrahedron.\")\n    \n    # Calculate the semi-perimeter of one face\n    s = (a + b + c) / 2\n    \n    # Use Heron's formula to calculate the area of the triangle formed by edges a, b and c\n    area_triangle = math.sqrt(s * (s - a) * (s - b) * (s - c))\n    \n    return area_triangle",
  "explanation": "**EXPLANATION**\nThe original code attempts to calculate the area of a tetrahedron using Heron's formula for the volume. However, this approach is incorrect because it does not accurately represent the area of the tetrahedron. The correct approach should be based on the cross product and normal vectors, but since these require 3D space, we'll simplify to 2D case by taking the face areas. \n\nInstead, the code tries to calculate the volume using a formula involving three sides of the tetrahedron, which is incorrect.\n\n**python**",
  "num_iterations": 6,
  "error_msg": "Traceback (most recent call last):\n  File \"/home/runner/sandbox/temp_code.py\", line 27, in <module>\n    assert candidate(3)==15.588457268119894\n           ~~~~~~~~~^^^\nTypeError: candidate() missing 2 required positional arguments: 'b' and 'c'\n\n",
  "success": false
}