{
  "task_id": 71,
  "code": "def candidate(lst):\n    \"\"\"\n    Sorts a list using the comb sort algorithm.\n    \n    Args:\n        lst (list): The list to be sorted.\n    \n    Returns:\n        list: The sorted list.\n    \"\"\"\n    # Initialize variables\n    n = len(lst)\n    gap = n\n    \n    # Make a flag that will allow the function to terminate early if there's nothing left to sort\n    swapped = True\n\n    while gap != 1 or swapped:\n        gap = max(1, int(gap / 1.3))  # Decrease the gap\n        swapped = False\n\n        for i in range(n - gap):\n            j = i + gap\n            if lst[i] > lst[j]:\n                # Swap values\n                lst[i], lst[j] = lst[j], lst[i]\n                swapped = True\n\n    return lst",
  "explanation": "Explanation\n-----------\n\nThe provided code attempts to implement the comb sort algorithm for sorting a list of elements. However, it has a logical error in its termination condition. The `while` loop only breaks when either the gap is 1 or a swap occurs. This can cause an infinite loop if no swaps happen during a iteration, leading to a NameError because the function name 'candidate' is not defined.\n\nCode\n----",
  "num_iterations": 2,
  "error_msg": null,
  "success": true
}