{
  "task_id": 400,
  "code": "def candidate(tuples_list):\n    # Initialize an empty dictionary to store tuple frequencies\n    freq_dict = {}\n    \n    # Iterate over each tuple in the input list\n    for tup in tuples_list:\n        # Convert the tuple to a string (since sets are not hashable)\n        tup_str = str(tup)\n        \n        # If the tuple is already in the dictionary, increment its frequency\n        if tup_str in freq_dict:\n            freq_dict[tup_str] += 1\n        # Otherwise, add it to the dictionary with a new entry containing its frequency and value\n        else:\n            freq_dict[tup_str] = 1\n    \n    # Return the dictionary containing tuple frequencies\n    return {key: value for key, value in freq_dict.items()}",
  "explanation": "Explanation\n------------\n\nThe code generated has several issues, including using an undefined variable `freq_dict` and incorrectly updating the frequency of tuples. A new function will be created that uses a dictionary to store unique tuples as keys and their frequencies as values.\n\nCode\n----",
  "num_iterations": 6,
  "error_msg": "Traceback (most recent call last):\n  File \"/home/runner/sandbox/temp_code.py\", line 20, in <module>\n    assert candidate([(3, 4), (1, 2), (4, 3), (5, 6)] ) == 3\n           ^^^^^^^^^^^^^^^^^^^^^^^^^^^^^^^^^^^^^^^^^^^^^^^^^\nAssertionError\n\n",
  "success": false
}